latitude,longitude,elevation,utc_offset_seconds,timezone,timezone_abbreviation
51.493847,-0.1630249,23.0,0,GMT,GMT

time,temperature_2m_mean (°C),temperature_2m_max (°C),temperature_2m_min (°C),precipitation_sum (mm),wind_speed_10m_max (km/h),wind_gusts_10m_max (km/h),rain_sum (mm),snowfall_sum (cm)
2022-04-01,3.7,7.3,0.4,2.40,35.5,60.5,2.00,0.28
2022-04-02,3.2,8.4,-1.0,0.80,15.0,30.2,0.70,0.07
2022-04-03,3.7,9.2,-3.1,0.10,15.5,24.8,0.10,0.00
2022-04-04,9.1,14.7,4.1,3.40,29.9,47.5,3.40,0.00
2022-04-05,10.9,14.0,8.1,0.10,25.7,42.8,0.10,0.00
2022-04-06,10.5,13.6,8.1,2.40,35.4,62.3,2.40,0.00
2022-04-07,8.8,12.5,3.5,4.50,45.2,74.5,4.50,0.00
2022-04-08,6.0,10.7,2.2,1.60,16.9,31.3,1.50,0.07
2022-04-09,6.2,10.6,0.9,0.90,17.7,34.2,0.90,0.00
2022-04-10,7.4,13.4,1.5,0.00,16.6,31.0,0.00,0.00
2022-04-11,10.8,16.1,4.5,0.00,24.7,42.5,0.00,0.00
2022-04-12,12.7,18.5,9.1,5.00,24.5,46.1,5.00,0.00
2022-04-13,12.8,17.5,8.7,0.40,23.3,40.3,0.40,0.00
2022-04-14,12.3,18.0,5.8,0.00,9.4,21.2,0.00,0.00
2022-04-15,13.7,20.8,6.8,0.00,11.3,18.4,0.00,0.00
2022-04-16,12.0,17.8,7.1,0.00,14.9,29.2,0.00,0.00
2022-04-17,11.8,18.0,5.8,0.00,16.4,31.0,0.00,0.00
2022-04-18,10.9,16.0,5.3,0.00,12.3,20.5,0.00,0.00
2022-04-19,10.9,15.9,5.6,0.10,20.9,35.3,0.10,0.00
2022-04-20,11.3,17.3,6.6,0.00,23.2,43.2,0.00,0.00
2022-04-21,11.7,17.5,6.6,0.00,24.5,42.5,0.00,0.00
2022-04-22,11.6,15.4,7.8,0.10,32.3,53.6,0.10,0.00
2022-04-23,12.6,16.4,8.4,0.00,31.3,56.2,0.00,0.00
2022-04-24,12.5,17.6,6.9,0.00,23.9,42.8,0.00,0.00
2022-04-25,9.5,13.7,5.3,0.30,23.1,40.3,0.30,0.00
2022-04-26,10.0,14.8,4.0,0.00,18.4,34.6,0.00,0.00
2022-04-27,8.6,11.9,4.2,0.10,18.4,32.8,0.10,0.00
2022-04-28,9.5,14.0,4.2,0.10,16.9,31.3,0.10,0.00
2022-04-29,8.3,11.5,4.2,0.00,16.8,32.0,0.00,0.00
2022-04-30,10.4,16.2,2.2,0.00,13.5,22.0,0.00,0.00
2022-05-01,11.0,13.6,8.8,1.60,14.3,24.5,1.60,0.00
2022-05-02,11.9,15.7,6.5,0.40,7.6,14.8,0.40,0.00
2022-05-03,12.1,14.3,9.8,0.00,12.8,22.7,0.00,0.00
2022-05-04,12.5,18.1,9.1,4.50,16.9,36.0,4.50,0.00
2022-05-05,13.2,19.0,6.8,0.00,14.1,28.1,0.00,0.00
2022-05-06,14.8,21.0,8.7,0.00,20.2,34.2,0.00,0.00
2022-05-07,14.0,18.0,10.6,2.30,15.7,30.2,2.30,0.00
2022-05-08,12.2,17.0,7.7,0.00,15.4,30.6,0.00,0.00
2022-05-09,14.3,20.9,4.4,0.00,23.7,41.0,0.00,0.00
2022-05-10,15.4,18.6,12.0,1.50,24.7,42.1,1.50,0.00
2022-05-11,12.9,16.5,9.3,4.20,36.7,60.8,4.20,0.00
2022-05-12,12.6,17.4,7.1,0.00,22.5,41.4,0.00,0.00
2022-05-13,14.4,19.5,9.8,0.00,26.4,45.4,0.00,0.00
2022-05-14,14.4,20.9,6.8,0.00,10.9,19.4,0.00,0.00
2022-05-15,15.0,21.6,12.2,24.80,23.1,40.3,24.80,0.00
2022-05-16,16.2,19.2,12.4,1.70,29.9,50.8,1.70,0.00
2022-05-17,18.2,24.0,11.6,0.10,24.0,40.3,0.10,0.00
2022-05-18,16.6,21.3,10.8,19.90,16.0,31.7,19.90,0.00
2022-05-19,16.6,21.5,12.2,11.20,18.0,33.8,11.20,0.00
2022-05-20,13.5,17.0,11.3,4.00,27.4,45.4,4.00,0.00
2022-05-21,14.2,19.4,9.6,0.00,18.1,33.1,0.00,0.00
2022-05-22,15.5,21.7,8.8,0.00,13.8,26.3,0.00,0.00
2022-05-23,14.1,17.8,10.5,2.50,17.7,30.2,2.50,0.00
2022-05-24,12.7,15.9,9.3,4.00,18.4,37.1,4.00,0.00
2022-05-25,13.3,17.8,8.5,0.20,30.8,53.6,0.20,0.00
2022-05-26,15.7,20.1,10.4,0.00,29.6,49.3,0.00,0.00
2022-05-27,15.3,18.8,10.8,0.00,17.8,32.0,0.00,0.00
2022-05-28,12.7,16.5,8.0,0.10,18.7,33.1,0.10,0.00
2022-05-29,11.0,14.9,6.7,0.40,19.6,35.6,0.40,0.00
2022-05-30,10.9,14.2,5.8,1.50,18.9,33.5,1.50,0.00
2022-05-31,11.4,15.6,8.1,3.40,16.6,37.4,3.40,0.00
2022-06-01,12.3,17.2,6.7,0.00,12.0,23.8,0.00,0.00
2022-06-02,13.9,18.8,7.2,0.00,16.2,30.6,0.00,0.00
2022-06-03,16.3,21.9,10.1,0.20,23.4,38.5,0.20,0.00
2022-06-04,14.8,19.8,11.9,2.40,30.0,52.6,2.40,0.00
2022-06-05,13.8,16.5,11.4,5.30,19.5,32.0,5.30,0.00
2022-06-06,14.2,16.9,11.5,0.30,18.0,32.4,0.30,0.00
2022-06-07,15.5,19.8,9.7,3.50,17.3,31.7,3.50,0.00
2022-06-08,16.6,20.5,12.8,29.20,26.4,45.0,29.20,0.00
2022-06-09,15.4,19.5,10.4,0.40,21.2,37.1,0.40,0.00
2022-06-10,17.6,22.2,13.9,0.10,28.8,47.5,0.10,0.00
2022-06-11,16.5,21.5,11.4,0.50,25.0,42.8,0.50,0.00
2022-06-12,15.6,20.0,10.4,0.00,22.1,37.4,0.00,0.00
2022-06-13,15.3,19.2,9.5,0.00,11.6,23.8,0.00,0.00
2022-06-14,16.7,22.6,9.1,0.00,10.8,24.5,0.00,0.00
2022-06-15,18.7,26.0,9.6,0.00,10.8,22.0,0.00,0.00
2022-06-16,20.0,27.1,11.2,0.00,16.3,26.3,0.00,0.00
2022-06-17,23.4,30.1,15.1,0.20,25.7,44.6,0.20,0.00
2022-06-18,18.9,24.1,13.6,10.20,28.0,47.2,10.20,0.00
2022-06-19,14.5,18.2,10.4,1.00,20.6,35.6,1.00,0.00
2022-06-20,15.6,20.3,10.6,0.60,21.9,40.3,0.60,0.00
2022-06-21,16.5,22.8,9.1,0.00,10.8,22.0,0.00,0.00
2022-06-22,18.2,25.2,10.4,0.00,17.2,31.0,0.00,0.00
2022-06-23,18.2,23.5,11.2,0.50,15.1,26.3,0.50,0.00
2022-06-24,18.0,21.8,13.6,2.80,29.0,48.6,2.80,0.00
2022-06-25,15.9,19.1,12.5,0.40,25.9,47.2,0.40,0.00
2022-06-26,15.9,20.4,11.4,0.00,28.0,48.2,0.00,0.00
2022-06-27,15.3,19.1,11.0,2.00,28.8,49.3,2.00,0.00
2022-06-28,15.9,20.5,10.4,0.20,27.1,47.5,0.20,0.00
2022-06-29,16.2,20.5,13.0,1.50,21.7,38.2,1.50,0.00
2022-06-30,15.1,18.6,11.4,1.60,17.4,32.0,1.60,0.00
2022-07-01,15.4,20.2,10.1,0.70,26.0,44.3,0.70,0.00
2022-07-02,16.5,21.1,11.8,0.50,27.9,46.4,0.50,0.00
2022-07-03,16.2,21.2,10.4,0.00,17.7,31.3,0.00,0.00
2022-07-04,16.4,21.5,9.8,0.00,19.1,36.0,0.00,0.00
2022-07-05,16.6,21.8,9.9,0.00,18.9,34.2,0.00,0.00
2022-07-06,18.6,23.9,11.6,0.00,21.2,36.7,0.00,0.00
2022-07-07,19.7,24.0,16.1,0.00,18.9,32.8,0.00,0.00
2022-07-08,20.6,26.9,12.6,0.00,13.3,25.9,0.00,0.00
2022-07-09,20.3,25.6,14.6,0.00,14.9,29.2,0.00,0.00
2022-07-10,21.1,27.4,13.1,0.00,15.3,24.8,0.00,0.00
2022-07-11,23.3,29.7,14.9,0.00,15.8,27.4,0.00,0.00
2022-07-12,24.2,30.1,18.0,0.00,20.2,36.7,0.00,0.00
2022-07-13,22.9,27.0,18.0,0.40,12.5,26.6,0.40,0.00
2022-07-14,19.4,24.3,14.4,0.00,20.2,36.4,0.00,0.00
2022-07-15,19.3,24.9,12.6,0.00,19.0,33.1,0.00,0.00
2022-07-16,20.6,27.0,12.9,0.00,13.0,22.0,0.00,0.00
2022-07-17,22.7,29.4,14.9,0.00,15.1,29.5,0.00,0.00
2022-07-18,27.4,35.0,19.0,0.00,14.6,29.9,0.00,0.00
2022-07-19,29.1,37.9,20.8,0.90,22.5,40.7,0.90,0.00
2022-07-20,21.2,25.6,18.2,1.70,24.5,41.4,1.70,0.00
2022-07-21,20.4,24.0,17.0,0.80,16.6,29.2,0.80,0.00
2022-07-22,18.7,21.8,16.2,2.40,19.8,36.0,2.40,0.00
2022-07-23,19.5,26.1,13.8,0.00,24.0,42.5,0.00,0.00
2022-07-24,20.8,26.6,16.8,4.10,27.1,50.8,4.10,0.00
2022-07-25,19.9,24.0,17.3,0.00,28.1,47.9,0.00,0.00
2022-07-26,17.6,20.9,14.4,0.20,13.4,22.3,0.20,0.00
2022-07-27,17.5,21.0,12.2,0.10,17.3,28.1,0.10,0.00
2022-07-28,18.1,21.4,14.9,1.60,18.8,35.6,1.60,0.00
2022-07-29,19.9,25.8,13.1,0.00,12.2,22.3,0.00,0.00
2022-07-30,20.8,25.6,15.3,0.00,17.7,32.8,0.00,0.00
2022-07-31,21.2,25.5,17.8,0.60,29.1,47.5,0.60,0.00
2022-08-01,20.8,25.3,17.0,0.00,16.7,28.1,0.00,0.00
2022-08-02,21.0,25.4,17.5,0.20,25.6,45.7,0.20,0.00
2022-08-03,21.9,27.0,17.1,0.00,24.7,45.4,0.00,0.00
2022-08-04,19.9,24.2,16.8,0.00,18.2,30.6,0.00,0.00
2022-08-05,17.8,21.8,13.8,0.00,18.4,35.6,0.00,0.00
2022-08-06,17.5,23.1,10.5,0.00,13.2,22.3,0.00,0.00
2022-08-07,19.7,26.1,12.6,0.00,11.0,22.0,0.00,0.00
2022-08-08,20.8,27.9,13.6,0.00,19.2,33.1,0.00,0.00
2022-08-09,20.7,27.4,14.2,0.00,19.2,32.4,0.00,0.00
2022-08-10,21.5,28.6,14.3,0.00,16.6,31.7,0.00,0.00
2022-08-11,23.1,31.4,15.2,0.00,18.4,33.8,0.00,0.00
2022-08-12,24.2,31.8,16.5,0.00,19.4,35.6,0.00,0.00
2022-08-13,25.1,32.8,17.1,0.00,17.1,32.8,0.00,0.00
2022-08-14,25.2,32.0,17.5,0.00,17.5,31.7,0.00,0.00
2022-08-15,23.0,28.6,17.4,0.70,19.2,37.4,0.70,0.00
2022-08-16,19.7,22.6,17.2,3.60,18.2,32.8,3.60,0.00
2022-08-17,19.9,23.9,15.9,1.10,20.1,33.1,1.10,0.00
2022-08-18,19.9,25.1,14.8,0.60,16.4,28.1,0.60,0.00
2022-08-19,20.0,23.2,15.6,0.90,20.2,35.3,0.90,0.00
2022-08-20,18.2,23.4,12.9,0.00,22.5,36.4,0.00,0.00
2022-08-21,18.4,23.6,13.4,0.00,13.0,27.4,0.00,0.00
2022-08-22,18.1,22.0,11.9,2.70,15.9,28.4,2.70,0.00
2022-08-23,21.0,25.4,18.5,0.50,19.2,36.0,0.50,0.00
2022-08-24,22.2,27.1,18.5,0.60,17.9,32.0,0.60,0.00
2022-08-25,18.1,20.8,14.1,17.10,15.1,28.1,17.10,0.00
2022-08-26,18.1,22.8,12.2,0.00,8.3,15.1,0.00,0.00
2022-08-27,17.8,23.2,12.9,0.30,16.6,33.5,0.30,0.00
2022-08-28,17.5,22.3,12.9,0.00,18.7,33.5,0.00,0.00
2022-08-29,17.2,21.4,13.8,0.10,20.2,35.6,0.10,0.00
2022-08-30,18.3,23.1,13.9,0.00,23.3,38.9,0.00,0.00
2022-08-31,17.9,23.2,13.4,0.20,24.9,42.8,0.20,0.00
2022-09-01,19.0,23.9,15.2,0.70,23.6,40.7,0.70,0.00
2022-09-02,18.9,24.2,15.2,1.00,14.7,24.5,1.00,0.00
2022-09-03,18.8,24.1,13.6,1.40,20.0,36.7,1.40,0.00
2022-09-04,19.6,23.5,15.7,0.40,22.7,38.5,0.40,0.00
2022-09-05,19.6,23.6,16.1,5.80,21.4,36.7,5.80,0.00
2022-09-06,18.0,23.0,15.1,7.80,27.9,47.2,7.80,0.00
2022-09-07,17.2,21.0,15.1,4.70,21.8,42.1,4.70,0.00
2022-09-08,15.7,19.4,13.5,4.30,22.4,42.1,4.30,0.00
2022-09-09,16.2,20.0,13.4,1.10,18.0,32.0,1.10,0.00
2022-09-10,16.4,20.9,13.0,0.80,12.4,23.0,0.80,0.00
2022-09-11,17.2,22.5,12.6,0.00,15.5,27.7,0.00,0.00
2022-09-12,19.7,24.7,15.4,1.00,13.0,25.2,1.00,0.00
2022-09-13,17.3,20.2,15.4,3.90,16.3,30.6,3.90,0.00
2022-09-14,17.0,20.8,14.3,4.00,13.0,25.9,4.00,0.00
2022-09-15,15.0,18.5,11.6,0.80,15.4,27.0,0.80,0.00
2022-09-16,12.2,16.1,8.1,0.10,21.9,38.5,0.10,0.00
2022-09-17,11.3,16.3,6.4,0.00,18.3,34.6,0.00,0.00
2022-09-18,12.5,18.0,7.9,0.00,22.3,38.5,0.00,0.00
2022-09-19,13.4,16.9,8.9,0.30,7.4,16.9,0.30,0.00
2022-09-20,14.2,19.0,9.3,0.00,8.2,19.1,0.00,0.00
2022-09-21,14.9,19.1,9.3,0.00,8.2,14.8,0.00,0.00
2022-09-22,14.8,19.9,8.9,0.00,17.1,31.3,0.00,0.00
2022-09-23,15.0,18.2,11.6,2.60,15.3,26.3,2.60,0.00
2022-09-24,13.1,17.5,9.2,0.20,19.3,34.9,0.20,0.00
2022-09-25,12.3,15.8,7.8,0.00,17.4,27.7,0.00,0.00
2022-09-26,12.5,15.4,10.1,1.70,27.1,46.1,1.70,0.00
2022-09-27,10.9,14.1,7.8,2.40,26.1,45.4,2.40,0.00
2022-09-28,9.9,14.6,5.7,0.10,16.7,31.0,0.10,0.00
2022-09-29,10.4,15.7,5.0,0.00,10.7,22.3,0.00,0.00
2022-09-30,11.7,16.5,5.2,5.50,34.9,64.8,5.50,0.00
2022-10-01,14.9,18.5,10.9,0.10,25.6,47.9,0.10,0.00
2022-10-02,13.8,18.0,9.9,0.40,14.4,25.6,0.40,0.00
2022-10-03,12.4,18.1,6.6,0.00,14.0,24.1,0.00,0.00
2022-10-04,15.5,18.1,13.2,0.30,27.8,46.1,0.30,0.00
2022-10-05,15.5,18.6,11.1,0.90,44.4,70.9,0.90,0.00
2022-10-06,12.9,18.0,7.8,0.00,24.6,43.6,0.00,0.00
2022-10-07,14.3,18.2,10.9,0.50,31.5,52.6,0.50,0.00
2022-10-08,10.9,16.0,6.9,0.00,13.1,24.8,0.00,0.00
2022-10-09,11.5,17.5,5.5,0.00,19.6,34.2,0.00,0.00
2022-10-10,11.9,16.1,6.2,1.50,17.7,30.6,1.50,0.00
2022-10-11,9.3,14.6,4.8,0.00,11.0,14.0,0.00,0.00
2022-10-12,11.9,17.1,5.8,2.00,21.7,37.1,2.00,0.00
2022-10-13,13.3,16.4,10.1,8.60,9.5,22.0,8.60,0.00
2022-10-14,11.9,15.1,9.1,1.20,15.2,24.1,1.20,0.00
2022-10-15,12.4,16.6,7.4,0.20,30.0,52.6,0.20,0.00
2022-10-16,13.9,16.5,10.1,9.80,24.4,39.6,9.80,0.00
2022-10-17,15.0,18.1,8.9,2.50,19.8,37.1,2.50,0.00
2022-10-18,11.4,17.4,6.3,0.00,16.1,25.9,0.00,0.00
2022-10-19,14.1,16.1,11.6,2.40,30.5,50.8,2.40,0.00
2022-10-20,13.7,16.6,10.1,9.90,14.1,25.2,9.90,0.00
2022-10-21,14.9,17.6,11.6,6.10,29.0,49.0,6.10,0.00
2022-10-22,14.7,17.5,11.9,0.00,24.0,40.0,0.00,0.00
2022-10-23,15.3,18.4,13.2,12.70,27.5,43.9,12.70,0.00
2022-10-24,13.5,17.4,11.4,1.50,30.4,52.2,1.50,0.00
2022-10-25,13.7,16.9,10.3,0.20,20.2,33.1,0.20,0.00
2022-10-26,15.7,18.7,11.9,0.60,31.4,52.6,0.60,0.00
2022-10-27,16.4,20.1,13.3,4.00,26.9,47.2,4.00,0.00
2022-10-28,15.2,18.4,10.5,0.10,28.8,48.6,0.10,0.00
2022-10-29,16.5,21.3,11.7,3.00,17.3,30.2,3.00,0.00
2022-10-30,14.2,15.6,11.8,1.30,24.3,39.6,1.30,0.00
2022-10-31,14.2,17.0,11.6,8.70,26.2,41.0,8.70,0.00
2022-11-01,12.4,14.6,10.2,2.10,44.0,76.7,2.10,0.00
2022-11-02,12.1,15.2,8.4,5.30,36.1,60.8,5.30,0.00
2022-11-03,10.2,13.2,5.6,25.40,26.4,46.8,25.40,0.00
2022-11-04,8.4,12.3,5.8,3.00,17.8,30.2,3.00,0.00
2022-11-05,10.0,13.9,4.8,3.30,25.5,42.1,3.30,0.00
2022-11-06,12.6,14.1,10.2,20.00,24.1,41.0,20.00,0.00
2022-11-07,13.0,14.6,10.9,1.40,33.8,54.7,1.40,0.00
2022-11-08,12.9,15.2,10.9,4.70,34.9,58.7,4.70,0.00
2022-11-09,11.3,14.0,9.2,0.00,28.6,49.0,0.00,0.00
2022-11-10,13.0,15.4,9.8,0.00,32.7,53.6,0.00,0.00
2022-11-11,13.4,15.8,7.8,0.00,28.4,46.1,0.00,0.00
2022-11-12,11.7,16.3,8.6,0.00,12.1,20.9,0.00,0.00
2022-11-13,10.6,15.4,7.6,0.00,12.8,22.0,0.00,0.00
2022-11-14,10.9,15.1,6.4,0.30,20.2,32.4,0.30,0.00
2022-11-15,11.0,13.9,8.6,8.90,31.1,51.5,8.90,0.00
2022-11-16,9.8,12.1,7.9,19.70,29.5,48.6,19.70,0.00
2022-11-17,9.5,11.3,7.7,7.40,33.5,55.1,7.40,0.00
2022-11-18,8.3,11.4,5.1,1.40,23.6,38.5,1.40,0.00
2022-11-19,6.6,10.5,2.8,0.30,17.6,29.2,0.30,0.00
2022-11-20,7.2,10.6,2.3,6.10,22.7,38.9,6.10,0.00
2022-11-21,5.9,9.1,1.8,7.90,38.3,70.2,7.90,0.00
2022-11-22,5.6,9.8,2.5,0.10,24.8,41.8,0.10,0.00
2022-11-23,8.4,11.4,4.2,5.80,35.1,67.0,5.80,0.00
2022-11-24,9.0,12.5,5.8,2.90,31.9,58.7,2.90,0.00
2022-11-25,8.2,11.6,6.1,0.00,21.4,35.3,0.00,0.00
2022-11-26,9.9,12.2,5.9,1.20,30.3,49.3,1.20,0.00
2022-11-27,11.2,12.8,8.9,10.50,28.9,50.0,10.50,0.00
2022-11-28,7.2,10.4,3.0,1.50,10.4,20.5,1.50,0.00
2022-11-29,6.7,7.2,5.3,0.00,9.7,17.3,0.00,0.00
2022-11-30,6.4,8.8,3.5,0.10,8.4,13.0,0.10,0.00
2022-12-01,4.8,6.9,2.9,0.00,10.5,17.6,0.00,0.00
2022-12-02,5.0,7.6,3.2,0.30,20.1,32.8,0.30,0.00
2022-12-03,5.9,7.4,5.1,0.00,24.1,39.2,0.00,0.00
2022-12-04,5.0,5.9,4.1,1.60,21.1,34.2,1.60,0.00
2022-12-05,6.4,8.2,4.6,0.00,17.8,29.5,0.00,0.00
2022-12-06,4.5,6.4,3.2,0.00,13.8,22.0,0.00,0.00
2022-12-07,0.8,4.6,-2.8,0.00,11.7,21.2,0.00,0.00
2022-12-08,-2.0,2.8,-4.0,0.00,11.5,15.8,0.00,0.00
2022-12-09,-2.4,2.7,-4.3,0.00,11.3,14.8,0.00,0.00
2022-12-10,-2.0,2.9,-3.9,0.00,11.5,17.3,0.00,0.00
2022-12-11,-2.4,-0.8,-4.2,0.70,11.4,18.0,0.00,0.49
2022-12-12,-0.1,1.5,-2.6,0.20,12.4,21.2,0.00,0.14
2022-12-13,-1.7,0.7,-3.2,0.00,10.9,18.4,0.00,0.00
2022-12-14,-1.4,0.6,-4.8,0.00,15.7,25.9,0.00,0.00
2022-12-15,-2.9,0.7,-5.2,0.00,11.2,17.6,0.00,0.00
2022-12-16,-2.9,1.6,-5.5,0.00,12.3,18.0,0.00,0.00
2022-12-17,-0.7,5.0,-4.6,0.00,16.2,25.6,0.00,0.00
2022-12-18,2.1,8.6,-3.7,10.40,30.6,51.1,10.40,0.00
2022-12-19,11.8,12.8,8.7,5.20,37.3,61.2,5.20,0.00
2022-12-20,9.0,12.6,4.0,2.70,32.9,57.2,2.70,0.00
2022-12-21,6.9,10.6,3.5,0.90,20.7,35.3,0.90,0.00
2022-12-22,8.3,11.0,5.2,0.80,18.1,30.2,0.80,0.00
2022-12-23,9.3,12.7,7.7,7.80,25.4,43.6,7.80,0.00
2022-12-24,8.5,10.8,5.7,0.00,21.4,34.2,0.00,0.00
2022-12-25,9.8,11.1,8.2,0.10,21.7,34.9,0.10,0.00
2022-12-26,5.9,9.2,3.0,0.00,25.9,42.1,0.00,0.00
2022-12-27,6.2,9.9,1.9,3.80,36.1,58.0,3.80,0.00
2022-12-28,10.5,11.4,9.8,4.00,37.6,61.2,4.00,0.00
2022-12-29,7.7,9.2,4.6,0.30,33.4,55.4,0.30,0.00
2022-12-30,9.6,13.1,4.8,6.60,35.7,58.7,6.60,0.00
2022-12-31,12.2,13.1,9.7,10.20,35.8,61.9,10.20,0.00
2023-01-01,10.2,11.9,8.5,4.00,31.4,63.7,4.00,0.00
2023-01-02,5.5,8.3,0.9,0.20,15.5,25.9,0.20,0.00
2023-01-03,8.3,12.4,2.2,3.20,37.4,62.6,3.20,0.00
2023-01-04,11.8,13.1,9.9,0.90,35.9,60.1,0.90,0.00
2023-01-05,10.5,12.9,7.8,0.10,31.5,50.4,0.10,0.00
2023-01-06,9.6,11.9,5.7,1.20,32.3,60.5,1.20,0.00
2023-01-07,10.1,11.6,7.2,5.00,36.7,60.1,5.00,0.00
2023-01-08,7.2,8.9,4.8,1.80,28.8,47.5,1.80,0.00
2023-01-09,5.7,8.2,3.6,0.30,26.0,42.5,0.30,0.00
2023-01-10,8.6,12.5,3.2,6.50,36.7,61.2,6.50,0.00
2023-01-11,8.6,10.3,6.6,2.80,34.5,57.6,2.80,0.00
2023-01-12,10.3,12.1,7.1,5.40,40.7,66.6,5.40,0.00
2023-01-13,7.4,10.2,5.0,0.00,33.8,56.9,0.00,0.00
2023-01-14,8.9,12.1,5.7,11.40,40.4,66.6,11.40,0.00
2023-01-15,4.6,7.7,0.8,0.00,29.6,48.2,0.00,0.00
2023-01-16,2.2,5.0,-4.2,13.40,27.9,45.4,12.30,0.77
2023-01-17,-2.2,2.5,-4.7,0.00,9.7,14.8,0.00,0.00
2023-01-18,-0.4,4.5,-2.9,0.00,17.2,32.8,0.00,0.00
2023-01-19,-0.4,4.1,-3.3,0.00,10.9,18.4,0.00,0.00
2023-01-20,1.7,5.9,-0.5,0.00,17.7,31.0,0.00,0.00
2023-01-21,1.1,5.3,-2.2,0.00,11.2,18.0,0.00,0.00
2023-01-22,-1.9,1.5,-3.7,0.00,5.4,13.3,0.00,0.00
2023-01-23,-1.0,3.2,-4.2,0.00,6.6,12.6,0.00,0.00
2023-01-24,1.6,4.8,-1.7,0.00,9.6,18.7,0.00,0.00
2023-01-25,0.9,5.7,-2.4,1.70,20.2,32.4,1.70,0.00
2023-01-26,4.6,7.8,2.7,0.30,23.7,38.5,0.30,0.00
2023-01-27,3.8,7.1,-2.0,0.00,21.5,35.3,0.00,0.00
2023-01-28,2.3,6.1,-2.2,0.00,11.2,17.3,0.00,0.00
2023-01-29,4.4,8.1,0.3,0.00,25.3,40.7,0.00,0.00
2023-01-30,5.9,8.9,1.1,0.00,23.5,39.2,0.00,0.00
2023-01-31,6.3,11.4,1.8,0.10,25.6,45.7,0.10,0.00
2023-02-01,6.4,9.8,3.8,0.00,31.1,50.0,0.00,0.00
2023-02-02,7.7,11.1,4.4,0.20,27.0,44.6,0.20,0.00
2023-02-03,9.3,12.3,4.9,0.00,22.7,37.1,0.00,0.00
2023-02-04,7.5,9.4,6.0,0.50,13.3,23.0,0.50,0.00
2023-02-05,4.6,8.5,-0.8,0.00,16.9,27.4,0.00,0.00
2023-02-06,2.3,8.4,-0.6,0.00,11.8,14.0,0.00,0.00
2023-02-07,1.2,5.8,-1.3,0.00,10.6,12.6,0.00,0.00
2023-02-08,0.4,7.2,-3.0,0.00,12.0,20.2,0.00,0.00
2023-02-09,2.3,9.2,-1.4,0.00,11.7,20.5,0.00,0.00
2023-02-10,2.6,7.8,-2.8,0.00,16.9,29.2,0.00,0.00
2023-02-11,7.9,10.6,6.3,0.00,12.7,22.7,0.00,0.00
2023-02-12,7.2,9.2,5.6,0.00,12.0,21.2,0.00,0.00
2023-02-13,5.6,11.4,1.9,0.00,12.6,19.4,0.00,0.00
2023-02-14,5.1,12.8,0.9,0.00,13.8,16.2,0.00,0.00
2023-02-15,6.7,12.9,1.1,0.00,19.3,32.8,0.00,0.00
2023-02-16,9.7,12.1,7.3,3.90,24.3,42.5,3.90,0.00
2023-02-17,11.7,13.6,9.4,0.10,36.2,60.5,0.10,0.00
2023-02-18,10.9,12.8,8.2,0.70,27.3,45.7,0.70,0.00
2023-02-19,8.6,12.1,6.2,0.00,18.5,31.3,0.00,0.00
2023-02-20,9.3,12.4,6.4,0.00,27.6,46.1,0.00,0.00
2023-02-21,8.0,10.9,4.5,1.20,13.2,21.6,1.20,0.00
2023-02-22,5.9,8.5,3.5,2.90,12.6,22.0,2.90,0.00
2023-02-23,5.8,8.3,2.2,1.70,23.9,38.9,1.70,0.00
2023-02-24,4.0,9.1,-1.1,0.00,15.2,25.2,0.00,0.00
2023-02-25,4.2,7.3,1.6,0.00,27.0,44.6,0.00,0.00
2023-02-26,4.0,7.7,0.6,0.00,27.6,46.1,0.00,0.00
2023-02-27,3.9,7.6,-0.5,0.00,20.9,35.6,0.00,0.00
2023-02-28,4.5,7.9,0.6,0.70,27.3,45.7,0.70,0.00
2023-03-01,5.2,7.2,3.2,0.60,19.2,32.4,0.60,0.00
2023-03-02,4.0,8.8,0.3,0.00,24.5,41.0,0.00,0.00
2023-03-03,3.9,6.3,0.9,0.40,19.6,32.4,0.40,0.00
2023-03-04,5.0,6.8,3.8,0.00,15.5,28.8,0.00,0.00
2023-03-05,3.1,4.9,-0.1,0.30,13.5,23.4,0.30,0.00
2023-03-06,3.8,8.9,-1.8,1.60,22.5,39.6,1.60,0.00
2023-03-07,2.7,4.4,-2.1,4.10,12.9,21.6,4.10,0.00
2023-03-08,1.4,2.5,0.2,13.20,23.3,38.5,5.70,5.25
2023-03-09,6.4,11.8,2.2,5.90,21.0,36.4,5.90,0.00
2023-03-10,3.9,8.4,-1.6,4.50,33.2,58.7,4.00,0.35
2023-03-11,2.7,7.8,-3.6,1.10,16.7,29.2,0.90,0.14
2023-03-12,10.1,12.9,5.8,1.30,32.6,52.2,1.30,0.00
2023-03-13,11.6,13.9,9.6,0.80,50.4,81.4,0.80,0.00
2023-03-14,6.2,9.8,3.8,5.70,26.7,45.0,4.60,0.77
2023-03-15,4.6,8.4,-1.0,2.20,23.4,38.2,2.20,0.00
2023-03-16,10.4,13.9,7.6,1.90,28.1,46.1,1.90,0.00
2023-03-17,10.6,13.6,8.1,1.90,17.4,32.0,1.90,0.00
2023-03-18,10.0,13.1,7.7,4.00,14.0,23.8,4.00,0.00
2023-03-19,8.2,10.6,5.3,1.70,19.7,33.5,1.70,0.00
2023-03-20,9.8,12.8,7.2,3.30,25.6,42.5,3.30,0.00
2023-03-21,10.8,13.9,8.6,1.40,31.1,52.2,1.40,0.00
2023-03-22,11.3,14.5,10.0,2.60,35.0,61.2,2.60,0.00
2023-03-23,10.7,13.9,7.8,8.50,36.2,65.2,8.50,0.00
2023-03-24,9.7,12.8,7.3,1.70,35.4,60.5,1.70,0.00
2023-03-25,10.0,13.5,7.5,0.50,38.5,63.7,0.50,0.00
2023-03-26,7.3,8.6,2.3,8.10,22.2,39.2,8.10,0.00
2023-03-27,5.3,9.6,1.8,0.00,12.3,19.1,0.00,0.00
2023-03-28,7.2,9.1,4.1,1.90,25.8,41.8,1.90,0.00
2023-03-29,11.5,14.1,8.0,3.30,29.6,49.0,3.30,0.00
2023-03-30,12.0,15.1,10.1,3.90,31.8,53.3,3.90,0.00
2023-03-31,10.8,13.4,9.8,12.40,33.7,57.6,12.40,0.00
2023-04-01,9.6,11.6,7.8,1.00,21.2,36.0,1.00,0.00
2023-04-02,7.7,11.3,2.3,0.00,23.0,38.9,0.00,0.00
2023-04-03,5.4,11.0,0.3,0.00,18.5,32.0,0.00,0.00
2023-04-04,5.7,12.5,-0.9,0.00,13.3,24.8,0.00,0.00
2023-04-05,6.8,11.7,0.6,1.40,12.5,20.9,1.40,0.00
2023-04-06,9.3,13.4,5.1,4.50,22.8,38.5,4.50,0.00
2023-04-07,8.0,13.7,2.8,0.20,10.1,22.0,0.20,0.00
2023-04-08,7.9,13.6,2.5,0.00,11.0,19.4,0.00,0.00
2023-04-09,9.6,15.4,3.5,0.00,15.5,26.6,0.00,0.00
2023-04-10,10.8,14.2,7.3,9.10,33.0,65.9,9.10,0.00
2023-04-11,8.8,12.6,5.8,7.50,39.4,64.1,7.50,0.00
2023-04-12,7.5,10.6,4.8,3.20,46.0,77.0,3.20,0.00
2023-04-13,8.2,12.2,3.8,1.00,27.0,47.2,1.00,0.00
2023-04-14,7.3,9.9,2.3,9.30,21.3,38.5,9.30,0.00
2023-04-15,9.6,14.2,5.3,1.10,18.0,32.4,1.10,0.00
2023-04-16,10.0,15.1,5.0,0.00,10.5,18.0,0.00,0.00
2023-04-17,10.5,15.8,7.2,0.50,18.4,31.0,0.50,0.00
2023-04-18,8.8,11.9,7.0,0.20,32.2,52.9,0.20,0.00
2023-04-19,10.1,14.9,6.2,0.00,29.7,50.0,0.00,0.00
2023-04-20,8.8,14.6,5.1,2.30,29.4,49.0,2.30,0.00
2023-04-21,7.2,11.2,4.5,3.30,16.3,28.4,3.30,0.00
2023-04-22,8.2,13.3,1.5,1.50,17.7,29.2,1.50,0.00
2023-04-23,10.2,13.0,6.5,3.90,22.0,34.9,3.90,0.00
2023-04-24,8.0,11.9,5.3,13.80,20.4,34.6,13.80,0.00
2023-04-25,6.5,10.2,1.1,0.00,12.9,27.0,0.00,0.00
2023-04-26,7.9,11.6,3.2,0.00,15.1,27.7,0.00,0.00
2023-04-27,9.4,14.0,4.9,6.70,21.8,37.4,6.70,0.00
2023-04-28,13.1,17.4,7.2,0.70,22.5,39.2,0.70,0.00
2023-04-29,10.9,17.5,4.5,0.00,13.4,23.8,0.00,0.00
2023-04-30,11.4,17.0,4.8,0.00,15.9,29.2,0.00,0.00
2023-05-01,12.0,16.9,8.0,1.00,16.0,31.0,1.00,0.00
2023-05-02,10.3,13.9,6.4,0.00,18.8,30.2,0.00,0.00
2023-05-03,9.4,13.8,4.9,0.00,24.1,40.3,0.00,0.00
2023-05-04,13.1,18.8,7.8,0.90,24.8,42.8,0.90,0.00
2023-05-05,13.6,17.6,10.2,0.70,19.9,37.8,0.70,0.00
2023-05-06,12.6,14.8,8.6,5.60,23.3,38.9,5.60,0.00
2023-05-07,14.9,18.6,11.5,0.70,10.7,22.0,0.70,0.00
2023-05-08,12.6,15.7,9.0,5.00,23.4,41.0,5.00,0.00
2023-05-09,13.8,17.1,10.4,7.70,18.6,31.7,7.70,0.00
2023-05-10,12.7,17.4,9.2,6.20,22.0,36.4,6.20,0.00
2023-05-11,12.3,17.0,8.2,3.70,9.4,17.6,3.70,0.00
2023-05-12,11.1,12.7,8.8,1.90,32.0,52.2,1.90,0.00
2023-05-13,11.6,15.4,8.0,0.00,20.2,34.2,0.00,0.00
2023-05-14,12.7,19.0,6.8,0.70,11.5,22.7,0.70,0.00
2023-05-15,11.8,14.8,6.1,0.50,23.7,42.5,0.50,0.00
2023-05-16,11.2,16.8,5.2,0.20,21.9,37.1,0.20,0.00
2023-05-17,12.0,17.1,5.8,0.40,11.1,18.7,0.40,0.00
2023-05-18,12.9,17.6,8.9,0.20,14.1,22.3,0.20,0.00
2023-05-19,12.0,17.0,7.7,1.10,15.9,30.6,1.10,0.00
2023-05-20,12.9,18.6,6.7,0.10,22.9,39.6,0.10,0.00
2023-05-21,13.0,18.0,7.3,0.00,25.0,43.6,0.00,0.00
2023-05-22,14.1,19.2,9.2,0.00,24.2,42.8,0.00,0.00
2023-05-23,12.9,16.9,8.4,0.00,16.7,32.4,0.00,0.00
2023-05-24,14.4,20.8,7.4,0.00,14.9,28.1,0.00,0.00
2023-05-25,13.4,18.0,8.2,0.00,16.6,29.9,0.00,0.00
2023-05-26,12.5,17.7,7.8,0.00,20.9,38.2,0.00,0.00
2023-05-27,12.9,19.0,7.4,0.00,18.2,31.7,0.00,0.00
2023-05-28,14.1,20.9,6.2,0.00,25.3,42.8,0.00,0.00
2023-05-29,12.4,16.9,7.8,0.00,26.6,46.1,0.00,0.00
2023-05-30,12.8,16.6,8.1,0.00,27.1,45.7,0.00,0.00
2023-05-31,13.9,18.6,10.8,0.00,23.9,40.3,0.00,0.00
2023-06-01,13.4,18.0,10.1,0.00,23.0,38.5,0.00,0.00
2023-06-02,13.1,17.8,10.1,0.00,22.7,38.5,0.00,0.00
2023-06-03,14.7,21.4,7.4,0.00,21.9,38.5,0.00,0.00
2023-06-04,14.9,21.0,8.4,0.00,18.5,34.9,0.00,0.00
2023-06-05,13.1,18.0,7.9,0.00,20.4,34.9,0.00,0.00
2023-06-06,13.1,16.5,10.4,0.10,21.9,36.4,0.10,0.00
2023-06-07,14.3,20.4,8.4,0.00,19.7,36.0,0.00,0.00
2023-06-08,14.9,21.1,8.5,0.00,21.9,36.7,0.00,0.00
2023-06-09,17.7,23.9,10.8,0.00,22.9,41.0,0.00,0.00
2023-06-10,21.4,28.4,14.1,0.00,19.5,34.6,0.00,0.00
2023-06-11,22.4,29.9,15.4,0.00,11.5,29.5,0.00,0.00
2023-06-12,21.3,26.9,15.9,5.70,13.3,28.8,5.70,0.00
2023-06-13,19.9,27.0,13.1,0.00,24.4,41.8,0.00,0.00
2023-06-14,19.0,26.7,10.8,0.00,18.8,33.1,0.00,0.00
2023-06-15,19.2,25.9,11.6,0.00,17.3,28.1,0.00,0.00
2023-06-16,19.2,25.5,11.9,0.00,17.4,29.5,0.00,0.00
2023-06-17,18.6,24.0,12.2,2.10,13.8,28.1,2.10,0.00
2023-06-18,19.0,24.5,15.2,16.90,18.9,32.0,16.90,0.00
2023-06-19,18.6,22.9,14.1,0.90,21.6,38.5,0.90,0.00
2023-06-20,19.0,22.5,14.8,5.90,24.3,43.2,5.90,0.00
2023-06-21,19.3,23.5,14.8,1.00,16.5,32.8,1.00,0.00
2023-06-22,20.2,26.4,13.3,0.00,15.8,28.8,0.00,0.00
2023-06-23,20.5,25.7,14.6,0.00,17.9,30.6,0.00,0.00
2023-06-24,21.3,26.3,14.9,0.20,14.4,27.7,0.20,0.00
2023-06-25,22.4,29.0,14.9,0.10,27.8,46.1,0.10,0.00
2023-06-26,18.4,22.4,13.6,0.00,23.5,40.3,0.00,0.00
2023-06-27,18.6,21.9,14.1,0.00,20.5,36.0,0.00,0.00
2023-06-28,20.3,24.3,16.6,0.50,15.5,28.4,0.50,0.00
2023-06-29,18.5,22.0,15.7,5.50,15.7,31.0,5.50,0.00
2023-06-30,16.4,18.6,11.4,0.60,33.2,56.2,0.60,0.00
2023-07-01,19.0,21.6,15.9,0.20,24.4,44.3,0.20,0.00
2023-07-02,16.4,19.7,11.9,0.00,27.7,48.6,0.00,0.00
2023-07-03,15.7,19.4,11.6,0.70,33.5,59.0,0.70,0.00
2023-07-04,15.0,18.8,13.0,14.80,18.4,34.9,14.80,0.00
2023-07-05,15.4,19.3,10.7,4.40,23.8,43.2,4.40,0.00
2023-07-06,16.2,20.8,10.8,0.00,20.3,38.9,0.00,0.00
2023-07-07,20.5,27.8,11.2,0.00,17.9,32.8,0.00,0.00
2023-07-08,21.4,24.4,18.4,12.60,20.9,38.5,12.60,0.00
2023-07-09,18.6,22.5,15.3,4.90,22.1,38.5,4.90,0.00
2023-07-10,18.7,22.9,12.9,0.00,29.6,54.4,0.00,0.00
2023-07-11,19.2,22.6,16.0,4.00,27.5,47.9,4.00,0.00
2023-07-12,17.5,21.0,13.5,1.00,26.1,46.4,1.00,0.00
2023-07-13,17.5,21.3,12.9,0.50,22.1,40.0,0.50,0.00
2023-07-14,16.8,19.6,13.6,7.80,31.5,56.2,7.80,0.00
2023-07-15,17.0,19.6,14.8,1.40,43.9,75.2,1.40,0.00
2023-07-16,16.9,20.4,14.1,0.00,31.8,55.1,0.00,0.00
2023-07-17,16.8,21.1,12.2,0.60,22.5,42.8,0.60,0.00
2023-07-18,17.1,21.9,11.2,0.10,18.4,33.8,0.10,0.00
2023-07-19,17.9,22.5,13.9,0.40,20.0,37.1,0.40,0.00
2023-07-20,17.3,22.2,11.6,0.10,14.2,23.8,0.10,0.00
2023-07-21,16.4,19.9,11.6,0.10,17.7,33.8,0.10,0.00
2023-07-22,15.4,18.5,12.7,10.70,31.4,51.8,10.70,0.00
2023-07-23,18.8,22.5,15.2,0.90,30.1,54.4,0.90,0.00
2023-07-24,15.6,17.5,13.4,2.30,19.6,34.6,2.30,0.00
2023-07-25,15.6,19.8,12.0,0.70,17.6,33.5,0.70,0.00
2023-07-26,15.8,21.1,9.4,10.00,22.1,38.9,10.00,0.00
2023-07-27,19.1,21.5,16.2,5.10,27.4,45.7,5.10,0.00
2023-07-28,18.6,22.5,15.9,0.20,20.9,36.4,0.20,0.00
2023-07-29,18.2,21.8,14.6,0.70,26.1,46.1,0.70,0.00
2023-07-30,17.0,20.9,14.2,3.20,30.4,52.6,3.20,0.00
2023-07-31,18.0,20.9,14.9,2.60,27.9,49.7,2.60,0.00
2023-08-01,17.6,21.9,13.8,2.00,24.9,43.6,2.00,0.00
2023-08-02,17.2,19.4,14.7,16.80,32.3,56.2,16.80,0.00
2023-08-03,16.8,21.0,13.8,0.10,18.9,33.8,0.10,0.00
2023-08-04,16.5,19.4,12.8,0.40,16.9,30.2,0.40,0.00
2023-08-05,15.1,18.5,13.2,18.20,29.9,49.7,18.20,0.00
2023-08-06,14.7,18.5,10.5,0.90,24.5,41.8,0.90,0.00
2023-08-07,15.5,20.2,10.4,0.00,18.4,34.9,0.00,0.00
2023-08-08,14.9,17.5,10.9,2.40,23.2,38.9,2.40,0.00
2023-08-09,17.5,24.0,10.8,0.00,11.1,22.3,0.00,0.00
2023-08-10,19.5,25.6,12.6,0.00,16.6,31.0,0.00,0.00
2023-08-11,20.0,24.0,16.0,0.60,22.5,40.7,0.60,0.00
2023-08-12,17.7,21.0,13.9,0.50,32.6,56.2,0.50,0.00
2023-08-13,18.0,21.9,15.1,0.30,25.8,46.8,0.30,0.00
2023-08-14,18.1,21.6,15.1,3.80,31.5,53.3,3.80,0.00
2023-08-15,17.9,22.1,12.4,0.20,17.3,31.3,0.20,0.00
2023-08-16,18.3,24.6,12.6,0.20,16.2,29.2,0.20,0.00
2023-08-17,18.5,23.0,14.9,0.10,23.4,41.4,0.10,0.00
2023-08-18,19.9,24.8,16.0,4.20,22.3,41.4,4.20,0.00
2023-08-19,19.9,23.3,15.6,0.20,27.8,49.3,0.20,0.00
2023-08-20,18.9,24.0,14.9,0.40,19.1,34.6,0.40,0.00
2023-08-21,18.3,24.8,13.3,0.00,20.7,36.7,0.00,0.00
2023-08-22,19.2,24.4,14.5,0.00,18.6,34.2,0.00,0.00
2023-08-23,19.3,25.5,12.4,0.00,7.6,17.3,0.00,0.00
2023-08-24,19.9,25.1,15.4,1.30,14.0,26.3,1.30,0.00
2023-08-25,16.7,20.1,13.3,0.10,18.5,32.0,0.10,0.00
2023-08-26,15.1,19.4,11.4,1.20,17.2,34.6,1.20,0.00
2023-08-27,15.2,19.6,10.3,0.20,20.3,37.8,0.20,0.00
2023-08-28,15.6,20.5,10.7,0.20,15.5,28.8,0.20,0.00
2023-08-29,15.6,20.4,10.6,0.00,17.4,32.4,0.00,0.00
2023-08-30,15.6,19.6,10.9,0.30,21.0,36.7,0.30,0.00
2023-08-31,14.1,18.1,10.1,1.30,14.6,27.4,1.30,0.00
2023-09-01,17.7,22.0,13.9,1.40,8.5,17.3,1.40,0.00
2023-09-02,18.6,23.2,15.3,0.40,15.6,29.9,0.40,0.00
2023-09-03,18.5,24.7,12.9,0.00,12.4,21.2,0.00,0.00
2023-09-04,20.0,27.4,15.1,0.00,18.9,33.1,0.00,0.00
2023-09-05,20.8,27.7,15.8,0.00,16.9,32.0,0.00,0.00
2023-09-06,21.9,29.8,14.8,0.00,10.5,17.6,0.00,0.00
2023-09-07,22.8,29.9,17.2,0.00,13.7,23.4,0.00,0.00
2023-09-08,23.4,29.5,17.9,0.00,8.6,17.3,0.00,0.00
2023-09-09,24.1,31.4,17.5,0.00,7.6,13.0,0.00,0.00
2023-09-10,23.1,30.7,18.1,1.60,20.9,38.2,1.60,0.00
2023-09-11,20.8,24.9,17.0,0.00,18.6,36.0,0.00,0.00
2023-09-12,18.8,23.0,16.2,2.90,18.4,31.3,2.90,0.00
2023-09-13,16.1,19.8,12.1,0.10,19.5,32.8,0.10,0.00
2023-09-14,17.0,22.2,12.1,0.00,12.8,25.9,0.00,0.00
2023-09-15,17.5,24.9,10.8,0.00,13.5,25.9,0.00,0.00
2023-09-16,18.7,25.9,12.4,0.00,17.1,28.1,0.00,0.00
2023-09-17,18.2,21.0,14.9,4.90,26.3,45.7,4.90,0.00
2023-09-18,16.8,19.0,13.9,7.20,32.3,57.6,7.20,0.00
2023-09-19,16.8,19.3,13.3,0.40,45.6,74.9,0.40,0.00
2023-09-20,17.8,20.5,14.5,27.40,48.5,80.3,27.40,0.00
2023-09-21,13.9,17.6,10.6,5.40,17.1,33.1,5.40,0.00
2023-09-22,12.4,17.5,8.6,1.50,19.1,37.4,1.50,0.00
2023-09-23,12.7,17.1,8.2,0.00,16.1,30.6,0.00,0.00
2023-09-24,17.0,20.1,12.8,0.00,30.6,52.9,0.00,0.00
2023-09-25,17.9,21.5,14.0,0.20,24.7,43.9,0.20,0.00
2023-09-26,17.2,22.3,13.4,1.80,25.7,49.7,1.80,0.00
2023-09-27,17.4,21.5,13.2,0.00,28.7,47.9,0.00,0.00
2023-09-28,16.7,19.4,13.4,0.40,26.4,44.3,0.40,0.00
2023-09-29,16.8,19.0,12.8,2.10,20.1,37.8,2.10,0.00
2023-09-30,14.7,19.0,10.4,0.00,19.0,33.5,0.00,0.00
2023-10-01,18.1,22.5,15.4,0.00,22.4,40.3,0.00,0.00
2023-10-02,17.7,22.5,14.3,4.10,25.9,41.4,4.10,0.00
2023-10-03,14.6,17.6,12.3,0.30,25.0,51.1,0.30,0.00
2023-10-04,13.8,17.7,10.6,0.00,25.1,44.6,0.00,0.00
2023-10-05,14.7,18.5,11.9,0.20,22.1,37.1,0.20,0.00
2023-10-06,16.5,20.9,13.4,0.00,24.6,43.6,0.00,0.00
2023-10-07,17.6,22.9,13.7,0.00,21.9,38.9,0.00,0.00
2023-10-08,16.7,23.2,12.6,0.00,12.2,21.6,0.00,0.00
2023-10-09,16.7,23.1,12.6,0.00,11.0,18.4,0.00,0.00
2023-10-10,16.5,21.3,12.3,0.00,20.6,38.2,0.00,0.00
2023-10-11,17.2,20.5,14.1,1.50,25.3,42.8,1.50,0.00
2023-10-12,15.0,16.0,13.0,15.50,16.9,36.7,15.50,0.00
2023-10-13,16.8,20.5,9.8,13.30,38.3,65.5,13.30,0.00
2023-10-14,9.6,13.3,6.7,0.30,20.7,38.2,0.30,0.00
2023-10-15,6.8,10.4,4.2,0.00,14.2,27.4,0.00,0.00
2023-10-16,7.7,11.9,2.3,0.00,19.1,33.5,0.00,0.00
2023-10-17,11.7,14.4,9.9,0.00,27.8,48.6,0.00,0.00
2023-10-18,13.0,16.6,10.1,7.30,33.2,55.1,7.30,0.00
2023-10-19,15.7,17.7,14.3,7.30,28.7,56.5,7.30,0.00
2023-10-20,14.1,16.0,11.9,9.90,17.9,32.0,9.90,0.00
2023-10-21,12.7,16.1,8.9,3.40,21.8,37.4,3.40,0.00
2023-10-22,9.9,15.1,6.7,0.00,12.7,23.0,0.00,0.00
2023-10-23,10.9,14.9,6.8,0.80,16.3,28.4,0.80,0.00
2023-10-24,10.3,14.1,7.2,3.20,17.4,32.4,3.20,0.00
2023-10-25,10.2,13.8,7.9,0.80,16.2,28.1,0.80,0.00
2023-10-26,11.1,15.6,7.2,2.60,18.2,32.4,2.60,0.00
2023-10-27,10.0,14.2,7.1,1.70,17.8,31.3,1.70,0.00
2023-10-28,11.8,15.2,8.9,10.60,26.1,43.9,10.60,0.00
2023-10-29,10.7,12.3,9.1,5.80,24.7,42.1,5.80,0.00
2023-10-30,10.7,14.4,6.5,0.80,18.4,33.5,0.80,0.00
2023-10-31,10.0,14.1,6.6,2.50,15.2,32.0,2.50,0.00
2023-11-01,12.0,13.6,9.5,11.20,32.0,60.5,11.20,0.00
2023-11-02,10.3,11.6,8.8,17.90,42.8,70.2,17.90,0.00
2023-11-03,9.4,13.1,6.9,5.70,27.2,49.0,5.70,0.00
2023-11-04,8.6,12.6,5.0,5.50,26.5,45.7,5.50,0.00
2023-11-05,8.9,12.6,6.1,0.10,29.6,50.4,0.10,0.00
2023-11-06,8.8,12.6,6.3,0.00,25.6,43.6,0.00,0.00
2023-11-07,7.8,11.8,5.3,0.10,26.0,43.9,0.10,0.00
2023-11-08,9.4,12.9,5.8,3.30,35.8,59.4,3.30,0.00
2023-11-09,8.0,10.5,5.8,0.10,23.5,43.9,0.10,0.00
2023-11-10,6.5,9.3,4.1,1.70,20.3,36.4,1.70,0.00
2023-11-11,5.3,10.1,2.8,0.00,14.5,25.2,0.00,0.00
2023-11-12,7.0,9.2,3.3,2.00,12.4,20.9,2.00,0.00
2023-11-13,12.2,14.8,8.6,12.50,37.6,68.0,12.50,0.00
2023-11-14,10.3,12.3,8.7,6.10,28.0,47.5,6.10,0.00
2023-11-15,8.5,11.6,4.5,0.00,27.4,49.0,0.00,0.00
2023-11-16,5.7,7.5,3.5,3.00,13.8,23.4,3.00,0.00
2023-11-17,6.2,10.2,3.5,1.30,14.6,24.8,1.30,0.00
2023-11-18,12.3,14.6,8.1,5.40,26.1,43.6,5.40,0.00
2023-11-19,11.9,13.9,10.2,0.00,30.4,54.4,0.00,0.00
2023-11-20,9.9,11.8,7.7,3.00,22.3,40.0,3.00,0.00
2023-11-21,9.2,11.1,5.4,0.70,21.9,38.5,0.70,0.00
2023-11-22,6.9,9.8,3.0,0.00,15.7,28.4,0.00,0.00
2023-11-23,10.6,12.1,8.4,0.20,25.4,44.6,0.20,0.00
2023-11-24,6.5,9.9,2.0,0.10,25.3,46.1,0.10,0.00
2023-11-25,1.5,5.2,-0.4,0.00,13.4,25.2,0.00,0.00
2023-11-26,3.8,9.8,-0.9,4.90,18.0,29.9,4.90,0.00
2023-11-27,7.7,9.6,4.9,5.10,22.4,37.4,5.10,0.00
2023-11-28,3.6,6.6,0.6,0.00,19.5,35.6,0.00,0.00
2023-11-29,1.2,4.3,-1.2,0.00,10.0,18.0,0.00,0.00
2023-11-30,0.1,4.4,-2.8,0.00,19.1,34.2,0.00,0.00
2023-12-01,-0.1,4.1,-2.7,0.00,17.4,30.2,0.00,0.00
2023-12-02,-2.4,-0.4,-3.9,0.00,13.5,21.2,0.00,0.00
2023-12-03,4.6,7.7,0.6,7.00,21.1,34.9,6.20,0.56
2023-12-04,6.3,7.8,5.6,7.80,25.4,42.8,7.80,0.00
2023-12-05,5.2,6.2,2.8,2.50,18.8,30.2,2.50,0.00
2023-12-06,2.5,4.3,0.8,0.00,12.7,20.5,0.00,0.00
2023-12-07,6.5,8.8,4.6,5.70,28.0,47.9,5.70,0.00
2023-12-08,7.9,10.8,5.6,0.00,21.4,34.2,0.00,0.00
2023-12-09,9.6,13.9,7.3,7.90,33.6,57.2,7.90,0.00
2023-12-10,9.3,11.7,6.9,2.10,35.0,58.0,2.10,0.00
2023-12-11,8.3,10.8,4.6,0.00,38.0,63.7,0.00,0.00
2023-12-12,9.2,11.4,7.1,7.30,21.3,34.2,7.30,0.00
2023-12-13,7.0,7.9,5.8,0.50,31.3,52.6,0.50,0.00
2023-12-14,4.5,7.4,1.6,0.90,15.6,33.5,0.90,0.00
2023-12-15,5.0,8.1,2.5,0.00,12.9,21.2,0.00,0.00
2023-12-16,8.8,11.2,4.8,0.00,21.2,35.3,0.00,0.00
2023-12-17,8.9,10.8,6.7,0.00,30.6,49.3,0.00,0.00
2023-12-18,10.0,11.9,7.7,0.00,25.0,42.5,0.00,0.00
2023-12-19,9.8,12.2,5.1,12.70,26.1,43.2,12.70,0.00
2023-12-20,7.9,10.9,4.9,0.00,27.3,46.1,0.00,0.00
2023-12-21,11.0,13.4,8.2,0.30,35.3,59.0,0.30,0.00
2023-12-22,9.9,11.1,8.2,0.30,33.6,55.4,0.30,0.00
2023-12-23,9.5,11.0,7.8,0.00,30.3,50.4,0.00,0.00
2023-12-24,12.4,13.2,10.6,1.20,33.8,58.0,1.20,0.00
2023-12-25,12.2,12.9,10.4,3.20,29.5,49.0,3.20,0.00
2023-12-26,7.0,9.4,4.0,0.20,23.7,40.3,0.20,0.00
2023-12-27,10.1,11.9,6.7,6.30,40.2,70.6,6.30,0.00
2023-12-28,10.6,11.6,8.9,0.40,40.5,68.0,0.40,0.00
2023-12-29,8.5,10.6,5.8,1.50,28.2,49.7,1.50,0.00
2023-12-30,9.1,11.4,5.1,3.60,37.0,65.2,3.60,0.00
2023-12-31,8.2,10.2,6.4,7.60,40.7,70.6,7.60,0.00
2024-01-01,7.9,10.9,5.8,10.50,30.6,51.8,10.50,0.00
2024-01-02,10.9,12.9,8.4,7.40,52.3,90.4,7.40,0.00
2024-01-03,8.3,10.4,6.2,2.30,25.9,45.7,2.30,0.00
2024-01-04,6.8,8.2,4.9,30.30,27.4,46.8,30.30,0.00
2024-01-05,5.7,7.1,4.4,2.10,33.7,57.2,2.10,0.00
2024-01-06,4.7,6.3,3.8,0.10,16.6,28.8,0.10,0.00
2024-01-07,3.1,4.7,1.5,0.00,22.2,37.8,0.00,0.00
2024-01-08,1.9,3.3,0.8,0.70,27.6,46.4,0.40,0.21
2024-01-09,1.6,4.0,0.6,0.00,31.4,54.0,0.00,0.00
2024-01-10,1.9,4.8,0.4,0.00,22.5,39.2,0.00,0.00
2024-01-11,2.6,5.5,-0.9,0.00,24.0,41.0,0.00,0.00
2024-01-12,5.1,6.8,3.8,0.00,18.1,30.6,0.00,0.00
2024-01-13,3.2,4.2,1.5,0.00,10.7,20.5,0.00,0.00
2024-01-14,3.6,5.7,1.6,1.60,17.1,29.9,1.60,0.00
2024-01-15,-0.8,2.5,-4.0,0.00,18.8,33.1,0.00,0.00
2024-01-16,-1.5,3.8,-4.5,0.00,11.8,23.0,0.00,0.00
2024-01-17,0.1,2.4,-3.2,0.00,19.9,32.8,0.00,0.00
2024-01-18,-2.3,2.5,-5.1,0.00,15.3,27.7,0.00,0.00
2024-01-19,-0.7,4.8,-3.8,0.00,13.7,24.1,0.00,0.00
2024-01-20,2.6,5.2,-0.9,0.00,26.9,45.7,0.00,0.00
2024-01-21,9.2,11.8,4.2,2.20,49.3,92.5,2.20,0.00
2024-01-22,9.3,12.4,6.5,5.10,50.1,86.8,5.10,0.00
2024-01-23,8.9,12.9,4.1,2.90,37.4,64.4,2.90,0.00
2024-01-24,9.4,12.2,5.8,0.10,36.1,63.0,0.10,0.00
2024-01-25,9.2,11.8,3.6,0.10,27.6,46.1,0.10,0.00
2024-01-26,7.6,12.1,2.2,1.60,33.2,57.6,1.60,0.00
2024-01-27,3.8,8.4,-0.4,0.00,18.7,33.8,0.00,0.00
2024-01-28,5.9,10.8,1.4,0.00,13.7,25.9,0.00,0.00
2024-01-29,10.8,12.9,8.4,0.00,25.4,41.8,0.00,0.00
2024-01-30,8.3,12.0,4.9,0.00,27.9,45.7,0.00,0.00
2024-01-31,7.6,10.9,3.2,0.50,29.0,54.7,0.50,0.00
2024-02-01,5.9,10.8,2.3,0.10,19.1,34.2,0.10,0.00
2024-02-02,9.4,12.6,3.0,0.00,31.8,56.2,0.00,0.00
2024-02-03,11.3,12.8,10.2,0.70,27.1,45.4,0.70,0.00
2024-02-04,11.4,13.2,8.9,0.10,35.4,64.1,0.10,0.00
2024-02-05,9.6,11.5,7.3,0.00,37.2,62.6,0.00,0.00
2024-02-06,11.7,13.2,10.5,8.10,38.7,68.8,8.10,0.00
2024-02-07,5.8,9.6,3.8,10.00,20.1,51.5,10.00,0.00
2024-02-08,7.4,12.2,2.9,16.50,25.3,45.0,16.50,0.00
2024-02-09,10.5,12.6,9.2,7.80,32.8,57.6,7.80,0.00
2024-02-10,9.2,11.4,7.1,2.10,12.5,25.6,2.10,0.00
2024-02-11,7.1,10.5,4.1,7.30,19.5,34.2,7.30,0.00
2024-02-12,4.8,9.1,2.0,0.00,16.3,29.5,0.00,0.00
2024-02-13,8.0,11.4,4.1,2.60,27.6,46.1,2.60,0.00
2024-02-14,12.1,13.9,10.6,2.60,26.8,44.3,2.60,0.00
2024-02-15,12.9,16.6,10.5,0.70,19.0,34.2,0.70,0.00
2024-02-16,10.4,12.9,6.6,2.00,23.8,40.7,2.00,0.00
2024-02-17,10.0,13.3,5.6,1.70,27.2,45.0,1.70,0.00
2024-02-18,11.3,14.8,7.7,12.20,27.2,45.7,12.20,0.00
2024-02-19,9.0,13.2,6.2,2.20,21.5,40.3,2.20,0.00
2024-02-20,8.6,11.9,5.4,0.10,30.0,52.6,0.10,0.00
2024-02-21,10.0,11.9,8.8,3.50,36.1,60.5,3.50,0.00
2024-02-22,7.9,11.6,3.2,11.50,33.4,59.0,11.50,0.00
2024-02-23,4.7,8.4,1.6,2.00,23.5,42.5,1.50,0.35
2024-02-24,2.9,8.1,-1.6,1.60,8.7,17.6,1.60,0.00
2024-02-25,4.6,8.9,-0.2,3.60,33.6,56.5,3.60,0.00
2024-02-26,6.1,8.6,3.2,0.70,43.7,72.4,0.70,0.00
2024-02-27,4.8,7.6,1.8,0.50,15.0,28.8,0.50,0.00
2024-02-28,8.5,10.8,5.5,1.30,25.1,41.8,1.30,0.00
2024-02-29,9.1,10.9,5.5,8.30,26.1,44.3,8.30,0.00
2024-03-01,5.1,8.4,3.2,6.60,34.9,62.3,6.50,0.07
2024-03-02,5.0,8.0,1.1,2.20,27.0,46.1,2.20,0.00
2024-03-03,3.7,9.0,-1.0,0.00,12.0,24.8,0.00,0.00
2024-03-04,5.3,11.1,-0.8,1.10,23.3,38.9,1.10,0.00
2024-03-05,7.0,10.6,3.8,1.80,18.8,36.0,1.80,0.00
2024-03-06,5.5,10.5,2.2,0.00,9.7,19.1,0.00,0.00
2024-03-07,6.7,10.4,2.9,0.30,25.6,44.3,0.30,0.00
2024-03-08,6.7,9.6,3.7,0.00,28.0,49.7,0.00,0.00
2024-03-09,8.9,12.8,6.4,0.40,24.5,43.9,0.40,0.00
2024-03-10,8.0,9.1,7.1,8.60,17.9,29.9,8.60,0.00
2024-03-11,8.0,10.4,6.6,1.90,19.8,34.6,1.90,0.00
2024-03-12,10.1,13.4,6.3,13.30,22.0,37.1,13.30,0.00
2024-03-13,11.4,13.1,10.1,0.50,31.4,54.7,0.50,0.00
2024-03-14,11.6,16.2,8.3,1.20,28.1,48.6,1.20,0.00
2024-03-15,11.7,14.3,9.3,1.30,31.8,54.4,1.30,0.00
2024-03-16,9.2,13.3,5.1,1.30,18.5,32.0,1.30,0.00
2024-03-17,11.4,15.2,9.2,6.40,20.5,36.0,6.40,0.00
2024-03-18,10.7,14.6,7.6,0.20,21.9,38.2,0.20,0.00
2024-03-19,11.1,12.4,9.8,0.20,23.2,41.8,0.20,0.00
2024-03-20,12.0,16.1,9.6,0.80,11.8,20.5,0.80,0.00
2024-03-21,10.6,14.4,5.8,0.00,22.1,38.5,0.00,0.00
2024-03-22,9.5,11.7,5.1,0.40,19.7,33.1,0.40,0.00
2024-03-23,6.3,9.7,3.3,1.70,32.0,59.8,1.10,0.42
2024-03-24,7.8,11.4,4.0,0.00,32.3,55.1,0.00,0.00
2024-03-25,7.8,11.6,3.2,0.90,22.3,38.5,0.90,0.00
2024-03-26,9.2,13.7,6.2,11.90,25.3,42.5,11.90,0.00
2024-03-27,7.3,11.0,5.0,2.90,35.0,61.6,2.90,0.00
2024-03-28,8.0,10.4,4.5,10.20,44.7,79.9,10.20,0.00
2024-03-29,9.3,12.9,6.6,5.00,31.6,55.8,5.00,0.00
2024-03-30,8.7,14.1,3.7,0.00,14.2,24.5,0.00,0.00
2024-03-31,8.6,12.0,5.1,2.00,25.3,43.2,2.00,0.00
2024-04-01,9.6,13.4,6.7,4.30,21.8,38.5,4.30,0.00
2024-04-02,10.3,14.2,7.9,4.30,27.1,45.4,4.30,0.00
2024-04-03,11.4,13.9,9.6,0.70,35.3,63.0,0.70,0.00
2024-04-04,12.1,14.9,9.4,3.60,32.8,56.2,3.60,0.00
2024-04-05,13.7,16.5,11.9,5.40,37.7,65.2,5.40,0.00
2024-04-06,16.0,19.4,13.2,0.10,36.1,61.2,0.10,0.00
2024-04-07,12.6,15.4,9.7,0.00,44.7,74.5,0.00,0.00
2024-04-08,12.1,17.0,8.6,1.70,22.0,40.7,1.70,0.00
2024-04-09,9.3,11.7,6.4,0.50,40.3,69.1,0.50,0.00
2024-04-10,9.5,12.9,4.5,1.70,32.2,56.5,1.70,0.00
2024-04-11,14.5,18.4,12.1,0.40,23.4,40.3,0.40,0.00
2024-04-12,14.0,19.4,9.8,0.00,26.2,47.2,0.00,0.00
2024-04-13,14.1,18.6,9.9,0.00,23.8,41.8,0.00,0.00
2024-04-14,10.5,13.8,7.0,0.00,19.7,35.6,0.00,0.00
2024-04-15,8.5,11.4,6.6,4.60,38.4,70.9,4.60,0.00
2024-04-16,8.8,13.0,4.8,4.60,32.1,54.0,4.40,0.14
2024-04-17,7.3,11.2,4.2,0.50,23.2,42.8,0.50,0.00
2024-04-18,8.4,12.6,3.2,1.10,21.0,35.6,1.10,0.00
2024-04-19,10.0,13.6,7.4,1.00,28.8,52.9,1.00,0.00
2024-04-20,6.9,10.2,3.2,0.20,24.2,43.2,0.20,0.00
2024-04-21,7.3,10.6,3.7,0.00,26.9,47.2,0.00,0.00
2024-04-22,6.2,8.1,3.0,1.00,11.9,21.2,1.00,0.00
2024-04-23,7.6,10.9,4.7,1.50,21.7,38.2,1.50,0.00
2024-04-24,6.7,9.1,2.4,0.00,21.1,38.5,0.00,0.00
2024-04-25,7.2,12.0,1.2,4.20,18.0,34.6,4.20,0.00
2024-04-26,7.3,11.9,2.0,0.00,13.1,22.0,0.00,0.00
2024-04-27,9.0,12.1,6.6,9.20,22.8,40.3,9.20,0.00
2024-04-28,8.2,11.4,6.2,12.30,27.1,46.8,12.30,0.00
2024-04-29,10.4,14.6,5.8,0.30,27.7,49.7,0.30,0.00
2024-04-30,12.5,17.4,7.2,0.40,25.2,44.3,0.40,0.00
2024-05-01,14.0,19.1,8.0,0.10,15.2,24.1,0.10,0.00
2024-05-02,13.8,19.6,10.5,3.30,22.4,37.4,3.30,0.00
2024-05-03,10.6,12.6,8.5,8.20,24.7,42.5,8.20,0.00
2024-05-04,11.4,15.4,6.8,2.70,13.1,27.0,2.70,0.00
2024-05-05,11.5,16.5,6.1,0.30,17.8,31.0,0.30,0.00
2024-05-06,11.7,15.2,7.8,9.90,15.8,28.1,9.90,0.00
2024-05-07,13.6,19.1,8.6,0.30,15.0,28.1,0.30,0.00
2024-05-08,13.2,19.5,7.9,0.00,9.9,19.8,0.00,0.00
2024-05-09,15.3,21.9,9.1,0.00,11.4,19.1,0.00,0.00
2024-05-10,15.4,22.1,9.9,0.00,17.4,31.0,0.00,0.00
2024-05-11,15.2,21.0,9.2,0.00,20.9,38.5,0.00,0.00
2024-05-12,17.6,24.8,12.0,0.00,19.5,33.8,0.00,0.00
2024-05-13,15.2,18.1,10.9,0.30,27.1,46.8,0.30,0.00
2024-05-14,14.7,16.9,13.4,6.70,21.0,36.7,6.70,0.00
2024-05-15,14.9,19.5,10.7,0.50,14.7,28.8,0.50,0.00
2024-05-16,13.8,17.3,9.5,2.10,10.0,19.8,2.10,0.00
2024-05-17,15.2,19.8,9.1,0.20,7.9,17.6,0.20,0.00
2024-05-18,15.2,19.3,11.2,1.60,13.8,26.6,1.60,0.00
2024-05-19,15.2,21.4,8.6,0.20,19.3,33.5,0.20,0.00
2024-05-20,14.4,20.1,8.8,0.10,16.2,29.9,0.10,0.00
2024-05-21,13.2,15.9,9.8,9.80,12.9,23.0,9.80,0.00
2024-05-22,13.6,15.1,12.4,12.90,22.4,39.6,12.90,0.00
2024-05-23,14.0,17.5,10.6,0.00,22.7,40.3,0.00,0.00
2024-05-24,13.0,17.5,7.2,0.00,12.9,26.3,0.00,0.00
2024-05-25,14.7,19.9,8.9,0.10,15.4,28.1,0.10,0.00
2024-05-26,14.9,18.5,11.4,5.40,27.9,48.2,5.40,0.00
2024-05-27,12.9,16.5,9.5,0.80,19.9,40.3,0.80,0.00
2024-05-28,14.2,18.4,9.7,4.00,32.0,54.0,4.00,0.00
2024-05-29,15.4,19.1,11.9,0.50,23.9,41.4,0.50,0.00
2024-05-30,13.8,17.5,11.1,3.40,22.9,41.8,3.40,0.00
2024-05-31,13.2,15.4,11.1,1.10,37.8,63.4,1.10,0.00
2024-06-01,13.2,16.5,8.9,0.00,27.8,47.5,0.00,0.00
2024-06-02,15.4,21.5,7.9,0.00,14.9,29.9,0.00,0.00
2024-06-03,16.1,19.6,10.4,0.30,12.6,24.8,0.30,0.00
2024-06-04,15.6,19.6,12.3,3.70,23.4,41.8,3.70,0.00
2024-06-05,12.1,15.4,6.2,0.00,20.9,38.5,0.00,0.00
2024-06-06,13.0,16.7,8.6,0.10,15.3,28.8,0.10,0.00
2024-06-07,13.8,18.1,7.4,0.10,20.9,37.1,0.10,0.00
2024-06-08,13.8,17.6,9.6,0.60,19.8,38.2,0.60,0.00
2024-06-09,12.7,16.9,6.3,0.00,22.3,41.0,0.00,0.00
2024-06-10,11.7,14.6,8.1,8.00,29.5,52.9,8.00,0.00
2024-06-11,11.1,15.1,6.6,2.00,14.1,28.1,2.00,0.00
2024-06-12,12.1,15.9,7.5,1.00,12.1,21.2,1.00,0.00
2024-06-13,12.4,15.9,7.1,1.60,26.7,45.4,1.60,0.00
2024-06-14,14.8,18.0,11.5,2.50,28.7,51.8,2.50,0.00
2024-06-15,13.4,17.3,9.6,2.50,34.8,63.7,2.50,0.00
2024-06-16,15.0,19.8,10.6,0.10,23.3,43.2,0.10,0.00
2024-06-17,15.9,20.7,9.9,0.00,17.1,32.8,0.00,0.00
2024-06-18,16.4,21.0,11.4,0.30,15.5,27.0,0.30,0.00
2024-06-19,15.0,19.7,11.0,0.00,22.9,40.0,0.00,0.00
2024-06-20,15.4,21.1,8.1,0.00,13.1,27.0,0.00,0.00
2024-06-21,17.0,23.0,10.3,0.10,25.5,46.1,0.10,0.00
2024-06-22,17.4,21.8,13.6,1.60,17.3,31.0,1.60,0.00
2024-06-23,17.9,23.0,10.6,0.00,10.8,18.0,0.00,0.00
2024-06-24,20.4,26.3,14.0,0.00,14.3,27.7,0.00,0.00
2024-06-25,20.8,28.0,12.9,0.00,18.1,31.7,0.00,0.00
2024-06-26,21.7,27.9,14.3,0.00,18.4,31.7,0.00,0.00
2024-06-27,19.4,23.2,14.4,0.00,26.0,47.5,0.00,0.00
2024-06-28,16.8,21.6,12.1,0.00,25.9,45.7,0.00,0.00
2024-06-29,17.6,22.8,10.1,0.00,7.6,20.5,0.00,0.00
2024-06-30,17.0,19.9,14.9,0.30,17.7,33.1,0.30,0.00
2024-07-01,16.6,19.4,12.7,0.10,20.5,36.0,0.10,0.00
2024-07-02,15.2,17.6,12.7,0.10,20.0,35.6,0.10,0.00
2024-07-03,15.5,18.5,12.6,1.60,21.6,37.1,1.60,0.00
2024-07-04,15.9,19.6,12.3,0.40,30.8,52.9,0.40,0.00
2024-07-05,16.3,21.0,13.4,23.10,28.7,49.7,23.10,0.00
2024-07-06,14.5,16.6,10.6,9.20,29.7,55.4,9.20,0.00
2024-07-07,13.6,17.5,10.1,12.30,24.7,45.0,12.30,0.00
2024-07-08,14.7,18.5,8.9,7.10,17.8,29.2,7.10,0.00
2024-07-09,17.1,19.9,14.9,15.80,20.4,36.4,15.80,0.00
2024-07-10,17.6,20.5,14.1,0.20,28.0,49.0,0.20,0.00
2024-07-11,16.9,21.4,11.6,0.30,18.9,32.0,0.30,0.00
2024-07-12,14.9,17.6,12.9,0.00,19.2,33.5,0.00,0.00
2024-07-13,14.6,18.4,10.9,0.60,14.3,27.0,0.60,0.00
2024-07-14,16.0,20.9,10.1,0.10,16.0,30.2,0.10,0.00
2024-07-15,16.5,21.5,10.9,7.30,18.9,33.1,7.30,0.00
2024-07-16,17.4,20.8,13.9,1.10,19.5,36.4,1.10,0.00
2024-07-17,17.5,22.4,11.6,0.00,14.3,23.4,0.00,0.00
2024-07-18,19.4,26.2,12.1,0.00,17.6,32.8,0.00,0.00
2024-07-19,22.3,29.5,14.5,0.00,14.8,30.6,0.00,0.00
2024-07-20,19.9,24.0,15.6,0.10,19.8,36.4,0.10,0.00
2024-07-21,19.0,21.9,15.4,0.00,15.5,27.0,0.00,0.00
2024-07-22,18.4,23.3,12.8,0.40,30.6,52.9,0.40,0.00
2024-07-23,19.2,23.0,16.2,2.10,20.2,34.9,2.10,0.00
2024-07-24,18.7,23.4,13.9,0.50,21.4,40.0,0.50,0.00
2024-07-25,17.9,20.2,15.8,2.30,26.5,45.4,2.30,0.00
2024-07-26,17.8,21.9,13.0,0.00,17.0,31.3,0.00,0.00
2024-07-27,17.4,22.0,12.6,0.00,14.7,28.1,0.00,0.00
2024-07-28,18.4,24.6,11.4,0.00,14.9,24.8,0.00,0.00
2024-07-29,20.5,27.0,12.9,0.00,16.0,27.4,0.00,0.00
2024-07-30,22.3,29.1,15.1,0.00,16.2,27.7,0.00,0.00
2024-07-31,21.4,26.5,17.7,0.40,21.3,40.7,0.40,0.00
2024-08-01,21.5,27.0,17.2,7.60,13.1,20.9,7.60,0.00
2024-08-02,21.2,26.1,16.8,1.50,19.5,34.2,1.50,0.00
2024-08-03,20.0,24.0,15.6,0.80,21.2,39.6,0.80,0.00
2024-08-04,17.3,22.4,12.4,0.00,17.2,30.2,0.00,0.00
2024-08-05,19.2,24.5,13.7,0.00,20.7,38.2,0.00,0.00
2024-08-06,18.8,21.9,14.9,2.20,22.4,38.9,2.20,0.00
2024-08-07,17.1,21.6,11.6,0.00,24.0,43.2,0.00,0.00
2024-08-08,17.8,21.0,12.4,0.10,33.8,57.2,0.10,0.00
2024-08-09,20.3,24.1,15.4,0.00,26.5,43.9,0.00,0.00
2024-08-10,19.1,23.5,13.9,0.00,24.8,43.2,0.00,0.00
2024-08-11,21.0,27.2,15.2,0.00,21.4,37.4,0.00,0.00
2024-08-12,24.3,31.2,18.2,0.00,20.0,37.1,0.00,0.00
2024-08-13,19.6,25.5,13.7,0.00,19.4,35.6,0.00,0.00
2024-08-14,19.9,24.1,16.5,0.60,11.3,20.5,0.60,0.00
2024-08-15,18.8,23.0,13.4,0.10,33.9,60.1,0.10,0.00
2024-08-16,19.3,23.4,14.4,1.20,17.9,33.8,1.20,0.00
2024-08-17,17.2,22.1,11.2,0.00,12.2,22.3,0.00,0.00
2024-08-18,18.2,25.0,12.3,0.00,17.3,33.1,0.00,0.00
2024-08-19,17.0,21.3,11.2,1.70,30.5,52.2,1.70,0.00
2024-08-20,18.9,22.4,14.1,0.30,25.1,46.1,0.30,0.00
2024-08-21,16.2,20.0,11.4,0.10,24.8,43.2,0.10,0.00
2024-08-22,17.7,19.8,15.3,0.70,40.2,68.0,0.70,0.00
2024-08-23,18.7,21.9,14.9,0.90,37.4,63.4,0.90,0.00
2024-08-24,15.5,17.6,12.1,11.40,19.8,41.8,11.40,0.00
2024-08-25,15.1,19.6,10.0,0.00,30.9,53.6,0.00,0.00
2024-08-26,17.6,22.0,13.9,0.00,22.3,38.9,0.00,0.00
2024-08-27,18.5,23.8,14.2,0.00,22.2,39.6,0.00,0.00
2024-08-28,20.1,27.0,12.6,0.00,17.8,31.3,0.00,0.00
2024-08-29,17.0,21.8,12.4,0.00,18.4,34.9,0.00,0.00
2024-08-30,16.3,22.1,10.8,0.00,18.3,31.7,0.00,0.00
2024-08-31,17.2,20.8,13.1,0.00,29.4,50.8,0.00,0.00
2024-09-01,20.7,26.8,16.0,0.00,22.0,38.5,0.00,0.00
2024-09-02,19.5,23.0,17.5,1.40,22.6,40.7,1.40,0.00
2024-09-03,18.2,21.8,14.6,2.90,16.1,29.9,2.90,0.00
2024-09-04,16.2,19.0,13.5,0.60,13.2,23.0,0.60,0.00
2024-09-05,17.4,21.3,13.7,9.20,34.2,57.2,9.20,0.00
2024-09-06,18.0,23.0,14.6,9.40,19.2,35.3,9.40,0.00
2024-09-07,16.6,21.0,12.6,6.20,11.0,22.7,6.20,0.00
2024-09-08,16.1,19.5,13.7,8.80,13.7,28.8,8.80,0.00
2024-09-09,15.1,17.6,11.6,0.00,26.3,45.4,0.00,0.00
2024-09-10,14.2,18.4,10.2,2.20,32.2,59.0,2.20,0.00
2024-09-11,11.1,15.5,8.0,3.90,30.1,51.8,3.90,0.00
2024-09-12,9.7,14.3,6.4,2.60,17.1,35.6,2.60,0.00
2024-09-13,10.7,15.8,5.6,0.00,10.8,20.5,0.00,0.00
2024-09-14,11.8,18.6,4.7,0.00,15.8,28.4,0.00,0.00
2024-09-15,13.6,19.2,8.0,1.50,17.8,33.1,1.50,0.00
2024-09-16,15.0,19.8,10.9,0.00,15.7,29.2,0.00,0.00
2024-09-17,14.9,20.5,9.6,0.00,22.4,40.0,0.00,0.00
2024-09-18,17.5,23.0,12.9,0.00,26.2,45.4,0.00,0.00
2024-09-19,18.3,24.0,14.4,0.10,26.1,45.7,0.10,0.00
2024-09-20,17.5,22.3,13.4,4.30,24.1,45.4,4.30,0.00
2024-09-21,18.3,23.0,14.9,0.60,17.0,34.6,0.60,0.00
2024-09-22,17.3,20.5,14.9,18.80,15.4,32.8,18.80,0.00
2024-09-23,15.7,18.0,14.4,51.60,23.7,40.7,51.60,0.00
2024-09-24,14.5,16.4,11.8,2.40,18.0,31.7,2.40,0.00
2024-09-25,13.7,17.0,10.6,10.00,21.9,40.3,10.00,0.00
2024-09-26,13.7,16.2,11.3,13.10,29.9,56.5,13.10,0.00
2024-09-27,10.5,12.8,6.8,2.90,29.3,51.8,2.90,0.00
2024-09-28,9.3,13.6,4.4,0.00,15.8,29.5,0.00,0.00
2024-09-29,11.0,14.6,6.1,5.10,27.8,56.2,5.10,0.00
2024-09-30,13.9,16.0,11.9,11.70,32.4,56.5,11.70,0.00
2024-10-01,12.5,14.3,10.6,12.70,26.8,48.2,12.70,0.00
2024-10-02,13.7,17.0,10.8,1.00,26.7,45.0,1.00,0.00
2024-10-03,11.3,15.4,7.3,0.00,18.0,32.4,0.00,0.00
2024-10-04,10.2,16.0,5.7,0.00,11.1,22.7,0.00,0.00
2024-10-05,11.8,16.7,6.1,0.00,18.6,33.5,0.00,0.00
2024-10-06,13.8,15.4,11.7,4.00,23.7,40.3,4.00,0.00
2024-10-07,14.1,17.4,11.5,10.70,20.7,38.9,10.70,0.00
2024-10-08,14.1,17.0,12.1,3.90,27.0,45.7,3.90,0.00
2024-10-09,13.8,16.4,12.4,2.10,22.1,37.4,2.10,0.00
2024-10-10,9.2,12.2,3.7,3.30,20.2,34.9,3.30,0.00
2024-10-11,7.2,12.0,1.9,0.00,13.6,22.0,0.00,0.00
2024-10-12,10.6,14.8,7.6,3.40,21.9,40.3,3.40,0.00
2024-10-13,7.9,10.6,4.8,0.00,21.6,35.6,0.00,0.00
2024-10-14,10.3,13.1,7.8,14.10,24.6,42.1,14.10,0.00
2024-10-15,13.3,16.8,9.8,0.20,19.7,33.8,0.20,0.00
2024-10-16,17.3,21.4,14.4,7.60,24.6,45.0,7.60,0.00
2024-10-17,14.5,17.4,9.2,1.30,17.2,31.7,1.30,0.00
2024-10-18,11.5,16.1,8.1,0.80,18.5,32.4,0.80,0.00
2024-10-19,13.6,16.4,9.9,7.10,21.1,36.0,7.10,0.00
2024-10-20,14.0,17.4,10.9,3.60,36.7,61.6,3.60,0.00
2024-10-21,12.3,14.1,9.6,1.70,22.8,40.0,1.70,0.00
2024-10-22,11.2,15.8,8.1,0.20,23.3,41.4,0.20,0.00
2024-10-23,11.5,16.2,7.9,0.20,15.5,27.4,0.20,0.00
2024-10-24,12.6,16.7,9.6,0.00,17.5,31.3,0.00,0.00
2024-10-25,13.8,17.6,10.3,4.20,15.9,32.4,4.20,0.00
2024-10-26,11.6,16.0,8.4,0.00,11.3,16.2,0.00,0.00
2024-10-27,10.2,14.2,6.0,0.10,16.6,27.4,0.10,0.00
2024-10-28,13.6,15.8,11.1,0.40,24.8,43.6,0.40,0.00
2024-10-29,13.9,15.6,11.3,0.60,11.5,22.3,0.60,0.00
2024-10-30,10.5,14.4,7.3,0.00,9.2,14.8,0.00,0.00
2024-10-31,9.8,14.2,6.4,0.00,7.0,12.2,0.00,0.00
2024-11-01,10.1,12.7,7.2,0.00,12.6,24.1,0.00,0.00
2024-11-02,12.2,14.4,10.2,0.10,13.4,22.7,0.10,0.00
2024-11-03,11.9,13.6,10.8,0.00,14.2,24.8,0.00,0.00
2024-11-04,10.9,12.6,9.4,0.00,11.0,21.2,0.00,0.00
2024-11-05,10.8,13.1,9.3,0.00,8.5,14.8,0.00,0.00
2024-11-06,10.8,12.3,9.6,0.00,6.8,13.0,0.00,0.00
2024-11-07,10.9,12.6,9.8,0.00,13.5,25.9,0.00,0.00
2024-11-08,8.7,10.0,7.6,0.20,14.1,25.2,0.20,0.00
2024-11-09,7.8,9.1,6.2,0.00,5.5,11.2,0.00,0.00
2024-11-10,8.6,11.2,4.2,0.00,11.2,18.7,0.00,0.00
2024-11-11,8.8,11.3,5.8,0.00,14.7,25.6,0.00,0.00
2024-11-12,8.9,12.1,5.7,0.00,28.9,46.1,0.00,0.00
2024-11-13,8.6,11.2,6.6,0.00,10.9,25.6,0.00,0.00
2024-11-14,9.5,11.5,7.3,0.50,11.3,28.8,0.50,0.00
2024-11-15,8.1,9.8,5.8,0.00,7.8,17.6,0.00,0.00
2024-11-16,7.5,10.6,3.8,0.60,11.4,25.2,0.60,0.00
2024-11-17,8.2,9.8,6.8,0.50,14.3,33.5,0.50,0.00
2024-11-18,7.1,8.6,5.3,10.80,13.1,28.8,10.80,0.00
2024-11-19,4.2,11.1,1.1,9.50,20.4,43.6,8.10,0.98
2024-11-20,1.4,4.8,-0.2,0.00,16.5,38.5,0.00,0.00
2024-11-21,0.5,3.0,-0.5,0.00,13.0,28.4,0.00,0.00
2024-11-22,3.0,6.2,0.8,1.50,18.7,47.9,0.00,1.05
2024-11-23,8.7,14.3,1.2,11.60,32.2,72.7,11.60,0.00
2024-11-24,15.9,17.3,12.1,7.40,32.8,79.9,7.40,0.00
2024-11-25,10.0,11.4,6.8,1.40,17.8,42.1,1.40,0.00
2024-11-26,6.9,9.3,5.2,0.60,12.0,25.9,0.60,0.00
2024-11-27,5.9,8.3,2.5,18.00,18.9,42.8,18.00,0.00
2024-11-28,2.4,4.7,0.4,0.00,9.4,17.6,0.00,0.00
2024-11-29,6.3,9.5,3.2,0.00,11.6,25.6,0.00,0.00
2024-11-30,11.5,13.7,8.1,0.00,12.3,26.6,0.00,0.00
2024-12-01,11.7,13.2,10.7,2.20,16.9,39.6,2.20,0.00
2024-12-02,8.9,11.2,7.6,0.40,17.5,42.5,0.40,0.00
2024-12-03,5.6,7.1,4.1,0.00,8.8,20.5,0.00,0.00
2024-12-04,6.2,9.4,2.5,0.80,19.4,43.6,0.80,0.00
2024-12-05,11.8,14.1,9.1,8.40,29.3,75.2,8.40,0.00
2024-12-06,8.1,11.6,6.4,0.60,26.7,62.6,0.60,0.00
2024-12-07,8.0,12.5,6.1,5.90,30.7,77.8,5.90,0.00
2024-12-08,7.1,7.7,6.6,8.10,28.5,66.6,8.10,0.00
2024-12-09,7.3,7.8,6.9,0.20,22.0,49.3,0.20,0.00
2024-12-10,6.7,7.0,6.1,0.00,18.8,44.3,0.00,0.00
2024-12-11,6.2,6.7,5.8,0.10,14.8,35.3,0.10,0.00
2024-12-12,6.4,7.2,5.2,0.30,9.3,20.5,0.30,0.00
2024-12-13,5.1,6.6,3.8,0.00,8.2,17.3,0.00,0.00
2024-12-14,5.4,7.7,4.1,0.30,12.1,29.2,0.30,0.00
2024-12-15,9.1,11.6,4.8,0.00,17.6,40.3,0.00,0.00
2024-12-16,10.1,11.1,7.7,0.20,17.8,45.4,0.20,0.00
2024-12-17,8.5,10.6,5.2,0.00,19.8,44.3,0.00,0.00
2024-12-18,12.7,13.9,10.6,3.80,28.8,63.7,3.80,0.00
2024-12-19,6.5,12.2,4.4,3.00,27.8,59.0,3.00,0.00
2024-12-20,5.5,8.3,2.5,0.70,15.6,37.8,0.70,0.00
2024-12-21,8.2,12.2,4.7,2.30,23.3,59.4,2.30,0.00
2024-12-22,5.6,7.3,4.2,1.80,24.6,56.9,1.60,0.14
2024-12-23,5.2,6.1,4.1,1.70,20.3,47.5,1.70,0.00
2024-12-24,9.4,12.1,6.4,0.00,12.1,25.9,0.00,0.00
2024-12-25,9.3,10.1,8.8,0.00,9.9,24.5,0.00,0.00
2024-12-26,7.4,8.6,6.8,0.00,4.4,9.4,0.00,0.00
2024-12-27,6.5,7.8,6.1,0.00,3.5,7.2,0.00,0.00
2024-12-28,5.4,6.4,4.8,0.00,8.3,18.7,0.00,0.00
2024-12-29,5.8,7.2,4.8,0.00,11.8,25.2,0.00,0.00
2024-12-30,7.4,8.9,6.6,0.00,16.4,38.5,0.00,0.00
2024-12-31,9.5,11.1,7.4,0.00,24.7,58.0,0.00,0.00
2025-01-01,8.8,11.8,4.3,10.50,30.6,71.6,10.50,0.00
2025-01-02,1.9,3.9,-0.6,0.00,9.2,25.6,0.00,0.00
2025-01-03,0.3,3.3,-1.2,0.00,10.6,22.7,0.00,0.00
2025-01-04,0.8,3.2,-1.6,3.50,15.7,35.3,0.80,1.89
2025-01-05,8.1,12.6,0.6,22.30,25.7,55.1,18.80,2.45
2025-01-06,6.9,11.9,2.2,6.90,31.6,76.3,6.90,0.00
2025-01-07,2.4,4.9,0.7,0.10,13.3,40.0,0.00,0.07
2025-01-08,0.6,1.8,-0.8,3.20,11.5,23.8,1.60,1.12
2025-01-09,0.9,3.0,-0.9,0.40,11.7,27.4,0.30,0.07
2025-01-10,-0.8,1.4,-2.0,0.00,7.6,14.0,0.00,0.00
2025-01-11,-2.3,1.6,-4.2,0.00,4.5,12.2,0.00,0.00
2025-01-12,-0.5,3.2,-4.5,0.00,8.6,15.5,0.00,0.00
2025-01-13,3.3,5.9,1.5,0.00,11.0,26.3,0.00,0.00
2025-01-14,5.4,8.8,2.5,0.00,11.8,24.8,0.00,0.00
2025-01-15,8.6,10.0,7.2,0.00,7.0,15.8,0.00,0.00
2025-01-16,7.4,9.6,6.0,0.00,10.8,27.0,0.00,0.00
2025-01-17,5.2,6.4,3.2,0.00,8.1,19.8,0.00,0.00
2025-01-18,2.5,3.4,1.9,0.00,7.5,19.4,0.00,0.00
2025-01-19,2.5,3.3,1.8,0.20,8.5,20.5,0.20,0.00
2025-01-20,3.6,6.0,2.2,0.10,8.6,20.2,0.10,0.00
2025-01-21,2.3,4.9,-0.9,0.00,7.3,16.2,0.00,0.00
2025-01-22,3.3,4.3,2.2,1.00,9.2,19.8,1.00,0.00
2025-01-23,4.7,8.2,1.5,4.70,23.2,51.8,4.70,0.00
2025-01-24,9.0,10.8,6.8,3.80,33.5,76.3,3.80,0.00
2025-01-25,5.2,7.9,2.7,2.10,12.8,26.6,2.10,0.00
2025-01-26,5.0,8.9,1.6,11.00,30.2,65.2,11.00,0.00
2025-01-27,7.6,9.4,6.8,6.30,28.3,64.1,6.30,0.00
2025-01-28,8.3,9.5,6.4,4.00,24.8,58.3,4.00,0.00
2025-01-29,6.0,7.8,4.0,0.20,16.3,36.7,0.20,0.00
2025-01-30,4.5,7.5,1.9,0.00,13.2,29.2,0.00,0.00
2025-01-31,5.3,8.0,2.1,3.50,17.7,37.1,3.50,0.00
2025-02-01,5.0,6.9,2.3,0.00,10.6,27.4,0.00,0.00
2025-02-02,3.3,7.5,-0.4,0.00,9.6,23.4,0.00,0.00
2025-02-03,4.3,7.8,-1.2,0.00,12.7,25.9,0.00,0.00
2025-02-04,8.2,10.1,6.2,0.20,20.7,55.8,0.20,0.00
2025-02-05,5.7,9.1,2.5,0.00,11.8,24.8,0.00,0.00
2025-02-06,3.8,7.2,0.6,0.00,16.4,39.2,0.00,0.00
2025-02-07,3.5,4.0,2.5,4.70,22.7,54.0,4.60,0.07
2025-02-08,4.7,6.2,2.7,2.10,14.1,30.2,2.10,0.00
2025-02-09,3.4,5.8,1.3,1.00,14.7,33.5,1.00,0.00
2025-02-10,3.5,4.6,2.5,3.50,17.3,40.7,3.50,0.00
2025-02-11,3.8,5.0,2.7,0.00,10.7,24.5,0.00,0.00
2025-02-12,4.3,6.0,3.2,0.20,9.6,23.8,0.20,0.00
2025-02-13,3.4,4.7,2.3,0.20,11.0,25.9,0.20,0.00
2025-02-14,2.4,4.8,0.9,0.00,14.4,36.0,0.00,0.00
2025-02-15,3.2,5.6,1.8,0.90,10.1,22.0,0.90,0.00
2025-02-16,2.7,4.3,1.8,0.00,17.1,40.3,0.00,0.00
2025-02-17,1.7,5.1,-0.5,0.00,12.4,28.8,0.00,0.00
2025-02-18,2.5,6.3,-0.1,0.00,12.2,30.6,0.00,0.00
2025-02-19,4.8,7.9,1.4,0.00,11.7,23.4,0.00,0.00
2025-02-20,11.2,12.8,8.2,3.10,23.5,54.4,3.10,0.00
2025-02-21,12.7,15.0,10.8,6.30,21.5,56.2,6.30,0.00
2025-02-22,10.2,12.9,7.4,5.10,12.0,28.8,5.10,0.00
2025-02-23,9.1,10.8,6.6,2.00,25.2,58.7,2.00,0.00
2025-02-24,10.3,12.4,7.5,13.20,25.7,56.2,13.20,0.00
2025-02-25,8.0,10.4,4.9,0.80,12.0,27.7,0.80,0.00
2025-02-26,5.4,7.8,3.2,5.80,23.9,54.0,5.80,0.00
2025-02-27,5.6,9.1,3.2,0.00,15.9,37.4,0.00,0.00
2025-02-28,4.7,8.8,0.9,0.00,7.4,18.4,0.00,0.00
2025-03-01,4.0,8.8,0.1,0.00,7.5,17.6,0.00,0.00
2025-03-02,3.7,8.7,-1.2,0.00,6.3,16.6,0.00,0.00
2025-03-03,4.3,10.2,-0.8,0.00,5.0,12.6,0.00,0.00
2025-03-04,5.3,10.9,0.8,0.00,9.8,19.1,0.00,0.00
2025-03-05,6.5,12.9,1.0,0.00,8.4,19.4,0.00,0.00
2025-03-06,9.6,15.8,4.6,0.00,12.8,29.9,0.00,0.00
2025-03-07,12.2,16.0,9.6,0.00,12.1,31.0,0.00,0.00
2025-03-08,11.1,15.8,7.0,0.00,11.2,28.1,0.00,0.00
2025-03-09,10.9,16.1,7.1,0.00,11.0,28.8,0.00,0.00
2025-03-10,9.1,13.8,6.7,0.40,14.7,33.1,0.40,0.00
2025-03-11,6.3,8.1,3.8,0.40,17.2,43.2,0.40,0.00
2025-03-12,4.3,7.4,2.0,4.00,10.3,27.0,1.90,1.47
2025-03-13,3.7,7.1,1.5,0.70,16.0,37.4,0.70,0.00
2025-03-14,3.7,7.9,0.0,0.40,13.3,31.7,0.40,0.00
2025-03-15,3.9,7.7,0.9,0.20,18.1,47.2,0.20,0.00
2025-03-16,4.0,8.0,-0.3,0.00,17.4,42.5,0.00,0.00
2025-03-17,5.8,8.1,4.0,0.30,15.7,39.6,0.30,0.00
2025-03-18,5.7,10.1,2.3,0.00,14.8,37.1,0.00,0.00
2025-03-19,8.7,16.5,1.9,0.00,8.7,21.6,0.00,0.00
2025-03-20,12.5,19.1,5.7,0.00,10.4,25.6,0.00,0.00
2025-03-21,13.1,17.0,9.5,0.90,14.4,37.4,0.90,0.00
2025-03-22,12.8,15.5,10.1,1.30,11.7,28.8,1.30,0.00
2025-03-23,10.8,14.6,8.1,2.80,16.0,37.4,2.80,0.00
2025-03-24,9.3,12.6,7.1,0.00,12.7,29.9,0.00,0.00
2025-03-25,10.2,14.4,4.8,0.20,11.7,29.9,0.20,0.00
2025-03-26,11.9,15.6,8.6,0.30,9.3,19.4,0.30,0.00
2025-03-27,10.0,14.9,5.8,0.00,11.9,33.8,0.00,0.00
2025-03-28,10.1,14.2,6.8,0.80,16.3,40.7,0.80,0.00
2025-03-29,8.8,13.6,3.7,0.00,17.6,45.7,0.00,0.00
2025-03-30,12.1,15.9,8.9,0.00,20.0,47.5,0.00,0.00
2025-03-31,10.5,16.3,5.8,0.00,10.8,25.2,0.00,0.00
2025-04-01,9.2,13.6,5.3,0.00,19.8,49.3,0.00,0.00
2025-04-02,11.2,15.9,7.2,0.00,22.1,54.7,0.00,0.00
2025-04-03,13.3,18.5,8.8,0.00,16.9,43.9,0.00,0.00
2025-04-04,14.8,21.4,10.1,0.00,16.3,41.8,0.00,0.00
2025-04-05,11.2,17.8,6.4,0.00,18.0,46.1,0.00,0.00
2025-04-06,9.8,15.2,6.2,0.00,15.7,40.7,0.00,0.00
2025-04-07,9.3,14.9,4.2,0.00,11.8,32.0,0.00,0.00
2025-04-08,9.9,16.0,4.1,0.00,11.5,28.8,0.00,0.00
2025-04-09,8.9,13.5,3.8,0.00,13.8,38.5,0.00,0.00
2025-04-10,10.8,16.0,5.4,0.00,9.4,24.8,0.00,0.00
2025-04-11,14.5,22.5,6.4,0.00,10.4,25.6,0.00,0.00
2025-04-12,15.4,22.2,8.0,0.00,12.5,33.8,0.00,0.00
2025-04-13,13.5,16.5,10.3,0.30,16.6,42.1,0.30,0.00
2025-04-14,11.4,15.1,6.3,0.70,17.6,43.2,0.70,0.00
2025-04-15,12.6,17.5,9.6,9.20,19.8,46.8,9.20,0.00
2025-04-16,11.0,14.9,8.4,0.20,25.1,59.8,0.20,0.00
2025-04-17,11.8,17.4,5.8,0.00,12.2,30.2,0.00,0.00
2025-04-18,13.1,16.9,9.1,0.10,21.3,51.1,0.10,0.00
2025-04-19,12.3,16.0,7.4,0.20,19.9,50.8,0.20,0.00
2025-04-20,10.2,15.3,5.4,0.00,13.4,33.8,0.00,0.00
2025-04-21,12.2,16.1,9.6,3.70,11.7,32.4,3.70,0.00
2025-04-22,11.9,17.4,6.9,0.00,15.4,40.0,0.00,0.00
2025-04-23,10.0,11.9,8.4,9.50,20.1,47.9,9.50,0.00
2025-04-24,11.0,14.6,7.3,0.00,10.0,25.9,0.00,0.00
2025-04-25,10.6,15.2,5.9,0.00,11.4,28.8,0.00,0.00
2025-04-26,12.5,17.0,8.1,0.00,10.3,29.2,0.00,0.00
2025-04-27,15.0,20.6,8.0,0.00,8.9,21.6,0.00,0.00
2025-04-28,17.2,24.0,10.1,0.00,13.9,34.9,0.00,0.00
2025-04-29,16.8,23.0,10.6,0.00,12.3,32.8,0.00,0.00
2025-04-30,17.9,25.9,9.6,0.00,12.4,31.7,0.00,0.00
2025-05-01,20.9,28.5,11.8,0.00,11.8,32.0,0.00,0.00
2025-05-02,19.5,25.4,13.9,1.50,11.8,32.0,1.50,0.00
2025-05-03,14.6,21.3,10.3,0.00,19.9,50.8,0.00,0.00
2025-05-04,10.2,13.3,7.4,0.00,19.1,46.8,0.00,0.00
2025-05-05,9.4,13.4,5.1,0.90,25.1,59.8,0.90,0.00
2025-05-06,10.1,13.9,6.3,0.10,15.2,38.2,0.10,0.00
2025-05-07,11.2,16.6,6.0,0.00,17.2,43.6,0.00,0.00
2025-05-08,11.9,15.8,8.6,0.00,16.3,39.6,0.00,0.00
2025-05-09,12.9,18.0,6.2,0.00,16.5,43.6,0.00,0.00
2025-05-10,15.9,22.5,9.1,0.00,17.1,41.4,0.00,0.00
2025-05-11,18.0,24.0,11.0,0.00,14.1,39.6,0.00,0.00
2025-05-12,18.0,23.0,13.8,4.70,15.8,43.9,4.70,0.00
2025-05-13,17.7,23.4,12.9,0.00,15.2,40.0,0.00,0.00
2025-05-14,15.7,22.5,9.1,0.00,16.6,40.0,0.00,0.00
2025-05-15,12.2,15.1,8.6,0.00,19.0,46.4,0.00,0.00
2025-05-16,13.2,18.5,7.7,0.00,14.6,37.1,0.00,0.00
2025-05-17,14.2,18.6,8.9,0.00,13.8,34.2,0.00,0.00
2025-05-18,13.4,17.8,9.3,0.00,12.9,33.8,0.00,0.00
2025-05-19,14.7,19.5,10.4,0.20,14.9,39.2,0.20,0.00
2025-05-20,16.2,22.5,9.1,0.00,11.5,30.6,0.00,0.00
2025-05-21,14.8,18.0,11.3,3.00,14.9,35.6,3.00,0.00
2025-05-22,11.8,14.6,8.1,0.00,11.8,32.0,0.00,0.00
2025-05-23,12.9,18.4,6.8,0.10,16.3,40.7,0.10,0.00
2025-05-24,16.6,21.3,12.4,6.00,20.7,50.4,6.00,0.00
2025-05-25,16.5,19.6,12.9,1.00,23.2,53.6,1.00,0.00
2025-05-26,14.7,18.0,11.1,0.10,23.1,54.7,0.10,0.00
2025-05-27,15.5,16.9,13.4,6.60,26.1,59.0,6.60,0.00
2025-05-28,17.0,20.2,13.9,1.00,19.4,47.5,1.00,0.00
2025-05-29,18.2,24.0,13.7,2.10,23.7,56.9,2.10,0.00
2025-05-30,19.1,24.9,14.9,0.20,15.2,40.0,0.20,0.00
2025-05-31,20.9,27.5,16.5,0.00,17.6,44.3,0.00,0.00
2025-06-01,17.4,21.5,14.1,0.00,21.5,54.4,0.00,0.00
2025-06-02,16.6,21.8,12.4,0.40,18.0,42.5,0.40,0.00
2025-06-03,14.4,17.4,11.8,3.70,25.6,66.2,3.70,0.00
2025-06-04,14.5,18.0,10.5,0.10,19.0,46.1,0.10,0.00
2025-06-05,14.0,16.7,12.4,9.20,23.4,54.4,9.20,0.00
2025-06-06,14.9,18.9,10.9,1.20,20.2,50.4,1.20,0.00
2025-06-07,13.3,17.5,11.1,13.20,17.4,45.4,13.20,0.00
2025-06-08,13.5,17.1,9.2,0.00,18.2,44.6,0.00,0.00
2025-06-09,15.3,19.8,10.9,0.00,16.8,40.7,0.00,0.00
2025-06-10,17.6,22.0,13.1,0.20,18.0,47.2,0.20,0.00
2025-06-11,17.5,23.2,12.8,0.20,15.8,39.6,0.20,0.00
2025-06-12,19.7,25.0,14.1,0.80,15.0,42.5,0.80,0.00
2025-06-13,22.9,28.5,16.5,1.20,13.4,34.9,1.20,0.00
2025-06-14,20.0,23.5,15.5,4.00,20.2,52.2,4.00,0.00
2025-06-15,18.3,23.5,13.2,0.20,16.2,42.1,0.20,0.00
2025-06-16,20.9,27.3,14.7,0.00,12.7,34.9,0.00,0.00
2025-06-17,21.4,26.8,15.4,0.00,14.4,34.2,0.00,0.00
2025-06-18,22.9,28.8,15.9,0.00,9.4,26.6,0.00,0.00
2025-06-19,25.3,32.0,18.9,0.00,17.7,45.4,0.00,0.00
2025-06-20,23.3,28.8,17.5,0.00,12.6,34.6,0.00,0.00
2025-06-21,25.7,31.5,18.4,0.00,14.4,33.5,0.00,0.00
2025-06-22,21.7,26.6,17.6,0.00,24.2,59.4,0.00,0.00
2025-06-23,18.8,22.7,16.0,0.40,20.8,52.2,0.40,0.00
2025-06-24,19.4,24.4,14.1,0.30,23.2,55.1,0.30,0.00
2025-06-25,21.5,27.4,16.4,0.00,12.5,30.2,0.00,0.00
2025-06-26,20.1,24.1,17.2,3.70,22.9,57.6,3.70,0.00
2025-06-27,20.0,26.9,13.8,1.80,19.7,51.5,1.80,0.00
2025-06-28,23.4,30.1,18.5,0.10,17.1,45.0,0.10,0.00
2025-06-29,23.6,29.8,18.0,0.00,14.8,35.3,0.00,0.00
2025-06-30,25.9,31.9,18.7,0.00,12.2,34.6,0.00,0.00
2025-07-01,28.2,33.5,23.6,0.00,10.8,30.2,0.00,0.00
2025-07-02,20.2,23.0,16.0,4.10,16.4,41.0,4.10,0.00
2025-07-03,18.7,23.6,12.7,0.00,11.4,30.2,0.00,0.00
2025-07-04,20.8,26.1,14.4,0.00,17.3,42.5,0.00,0.00
2025-07-05,19.4,21.6,16.4,2.10,23.0,54.4,2.10,0.00
2025-07-06,19.2,22.5,17.0,3.80,15.3,39.2,3.80,0.00
2025-07-07,16.4,19.5,13.4,10.00,18.3,47.2,10.00,0.00
2025-07-08,17.5,21.9,12.4,0.20,13.8,32.0,0.20,0.00
2025-07-09,20.0,25.2,13.7,0.90,8.7,22.0,0.90,0.00
2025-07-10,23.9,30.0,17.7,0.00,12.2,31.7,0.00,0.00
2025-07-11,25.5,31.6,19.0,0.00,9.7,27.4,0.00,0.00
2025-07-12,23.8,28.8,19.5,0.00,12.4,34.6,0.00,0.00
2025-07-13,22.2,27.7,15.8,0.10,9.8,32.0,0.10,0.00
2025-07-14,21.1,24.9,17.5,0.90,23.2,57.2,0.90,0.00
2025-07-15,18.5,21.6,14.5,0.70,24.2,58.0,0.70,0.00
2025-07-16,20.1,23.8,15.1,0.00,17.0,41.8,0.00,0.00
2025-07-17,22.0,25.8,18.8,0.80,10.7,26.6,0.80,0.00
2025-07-18,23.7,29.4,18.1,0.00,12.3,33.5,0.00,0.00
2025-07-19,20.0,22.5,17.9,16.20,10.2,27.0,16.20,0.00
2025-07-20,18.1,20.4,15.8,2.70,17.2,43.9,2.70,0.00
2025-07-21,18.1,22.6,14.4,0.60,13.4,35.3,0.60,0.00
2025-07-22,18.8,22.3,15.2,1.20,12.3,34.2,1.20,0.00
2025-07-23,18.6,22.0,14.9,1.50,10.0,27.4,1.50,0.00
2025-07-24,18.0,20.8,15.4,0.90,16.4,41.4,0.90,0.00
2025-07-25,20.7,25.4,15.4,0.00,10.9,28.4,0.00,0.00
2025-07-26,20.0,23.2,15.9,0.40,11.2,29.5,0.40,0.00
2025-07-27,18.5,21.5,15.2,0.10,14.3,36.7,0.10,0.00
2025-07-28,20.0,24.1,14.9,0.00,13.7,35.3,0.00,0.00
2025-07-29,18.3,21.9,15.1,0.80,9.6,25.6,0.80,0.00
2025-07-30,20.4,24.7,16.1,0.80,14.0,35.3,0.80,0.00
2025-07-31,18.6,22.6,16.5,26.70,12.4,28.4,26.70,0.00
2025-08-01,16.4,19.7,13.1,1.20,16.2,40.7,1.20,0.00
2025-08-02,16.7,19.9,13.1,0.00,10.0,27.0,0.00,0.00
2025-08-03,18.4,23.0,12.8,2.50,17.2,46.1,2.50,0.00
2025-08-04,19.1,21.5,16.2,1.00,24.0,63.7,1.00,0.00
2025-08-05,17.1,20.7,13.1,0.00,19.7,47.9,0.00,0.00
2025-08-06,17.2,22.2,11.6,0.00,12.3,31.7,0.00,0.00
2025-08-07,18.9,23.0,14.6,0.00,19.8,49.0,0.00,0.00
2025-08-08,20.3,25.1,15.4,0.00,13.7,31.3,0.00,0.00
2025-08-09,19.7,24.8,14.4,0.00,17.1,43.9,0.00,0.00
2025-08-10,20.8,26.1,14.8,0.00,8.3,22.0,0.00,0.00
2025-08-11,22.9,29.6,16.4,0.50,12.2,29.9,0.50,0.00
2025-08-12,24.8,31.0,18.8,0.60,13.3,32.8,0.60,0.00
2025-08-13,22.0,27.8,18.2,0.00,14.6,45.7,0.00,0.00
2025-08-14,21.9,26.9,16.5,0.00,13.1,33.8,0.00,0.00
2025-08-15,23.0,29.5,17.8,0.00,15.1,35.6,0.00,0.00
2025-08-16,19.3,22.5,16.3,0.10,13.4,33.8,0.10,0.00
2025-08-17,18.2,24.4,12.9,0.00,12.9,30.6,0.00,0.00
2025-08-18,18.8,21.5,16.9,0.20,13.6,34.6,0.20,0.00
2025-08-19,19.4,25.0,15.1,0.10,16.5,41.8,0.10,0.00
2025-08-20,17.2,20.5,14.9,0.00,17.1,42.1,0.00,0.00
2025-08-21,16.7,20.0,13.5,0.10,14.6,35.6,0.10,0.00
2025-08-22,17.5,22.8,11.6,0.00,9.9,28.8,0.00,0.00
2025-08-23,19.0,21.9,16.0,0.00,9.9,24.1,0.00,0.00
2025-08-24,19.3,23.6,14.6,0.00,9.7,23.8,0.00,0.00
2025-08-25,20.7,26.0,15.1,0.00,12.6,33.8,0.00,0.00
2025-08-26,21.0,25.2,18.0,0.20,18.9,46.4,0.20,0.00
2025-08-27,18.2,21.8,15.5,1.30,20.8,53.6,1.30,0.00
2025-08-28,17.0,20.5,12.9,2.40,19.6,49.7,2.40,0.00
2025-08-29,16.5,19.6,14.3,19.50,14.8,35.6,19.50,0.00
2025-08-30,16.9,20.0,13.1,2.00,23.3,54.4,2.00,0.00
2025-08-31,16.9,20.1,13.9,0.90,21.3,49.0,0.90,0.00
2025-09-01,16.4,19.2,14.2,3.30,22.7,49.7,3.30,0.00
2025-09-02,15.8,19.0,12.8,1.90,15.4,37.1,1.90,0.00
2025-09-03,17.7,20.0,15.6,25.60,27.5,70.2,25.60,0.00
2025-09-04,16.0,18.8,13.6,4.70,20.7,51.1,4.70,0.00
2025-09-05,15.9,20.6,11.4,0.00,9.8,26.3,0.00,0.00
2025-09-06,17.7,22.0,13.3,0.00,17.6,42.5,0.00,0.00
2025-09-07,19.3,24.5,15.6,0.00,18.0,42.8,0.00,0.00
2025-09-08,16.3,19.5,13.5,0.10,13.4,34.6,0.10,0.00
2025-09-09,15.7,19.8,11.0,0.30,11.3,29.2,0.30,0.00
2025-09-10,15.5,18.0,14.1,7.70,19.4,45.0,7.70,0.00
2025-09-11,14.3,18.0,12.0,3.70,22.8,52.2,3.70,0.00
2025-09-12,13.9,17.6,10.9,4.40,18.4,50.4,4.40,0.00
2025-09-13,14.0,17.2,11.7,3.00,17.7,45.4,3.00,0.00
2025-09-14,13.8,17.8,9.2,3.50,26.3,62.6,3.50,0.00
2025-09-15,15.6,17.8,13.9,0.40,31.6,73.8,0.40,0.00
2025-09-16,14.7,18.3,12.0,0.00,21.8,52.6,0.00,0.00
2025-09-17,16.2,18.8,12.5,1.10,24.4,59.4,1.10,0.00
2025-09-18,18.5,21.5,15.8,0.00,21.9,55.1,0.00,0.00
2025-09-19,18.9,25.4,14.9,0.00,13.2,29.2,0.00,0.00
2025-09-20,16.6,21.1,13.4,0.00,24.5,65.5,0.00,0.00
2025-09-21,12.5,15.5,9.5,0.00,20.9,52.9,0.00,0.00
2025-09-22,11.4,15.6,7.5,0.00,16.2,41.4,0.00,0.00
2025-09-23,11.6,16.4,7.2,0.00,15.7,37.1,0.00,0.00
2025-09-24,13.2,17.5,9.6,0.00,16.1,40.7,0.00,0.00
2025-09-25,13.4,18.3,9.5,0.00,17.6,45.4,0.00,0.00
2025-09-26,12.8,16.0,9.4,1.10,15.7,38.2,1.10,0.00
2025-09-27,13.7,17.4,10.6,0.00,15.1,36.7,0.00,0.00
2025-09-28,13.7,16.8,11.8,0.50,9.4,23.0,0.50,0.00
2025-09-29,13.2,17.7,7.9,0.00,8.1,17.3,0.00,0.00
2025-09-30,13.7,18.3,8.9,0.00,6.4,12.6,0.00,0.00
2025-10-01,13.1,17.9,9.9,0.10,8.8,22.3,0.10,0.00
2025-10-02,14.7,18.5,10.2,0.00,16.4,37.4,0.00,0.00
2025-10-03,16.2,17.9,14.2,12.40,28.6,65.9,12.40,0.00
2025-10-04,13.0,16.7,11.3,3.60,31.5,81.4,3.60,0.00
2025-10-05,12.7,15.7,10.6,0.00,22.5,59.4,0.00,0.00
2025-10-06,14.0,18.5,9.6,0.00,11.4,28.1,0.00,0.00
2025-10-07,14.1,17.0,11.6,0.00,12.3,30.6,0.00,0.00
2025-10-08,13.7,16.8,11.3,0.40,8.2,18.0,0.40,0.00
2025-10-09,12.3,15.0,8.8,0.00,11.1,28.4,0.00,0.00
2025-10-10,13.9,15.8,12.0,0.10,7.2,19.8,0.10,0.00
2025-10-11,12.6,14.8,10.3,0.00,5.5,11.5,0.00,0.00
2025-10-12,11.4,15.0,7.4,0.00,9.1,22.3,0.00,0.00
2025-10-13,13.7,15.6,12.3,0.20,12.1,30.2,0.20,0.00
2025-10-14,12.3,13.6,10.6,0.10,11.1,28.4,0.10,0.00
2025-10-15,11.6,12.9,10.5,0.00,10.5,27.7,0.00,0.00
2025-10-16,12.3,15.4,9.5,0.00,7.8,20.2,0.00,0.00
2025-10-17,12.8,14.8,11.1,0.00,8.6,19.1,0.00,0.00
2025-10-18,12.6,14.6,11.1,0.00,13.5,35.6,0.00,0.00
2025-10-19,13.6,15.2,12.0,6.10,17.6,39.6,6.10,0.00
2025-10-20,13.1,14.6,11.5,3.40,17.3,44.3,3.40,0.00
2025-10-21,12.8,15.3,10.9,0.20,17.7,41.8,0.20,0.00
2025-10-22,11.4,14.6,8.9,9.90,15.3,34.9,9.90,0.00
2025-10-23,9.6,11.7,6.9,14.20,25.6,59.4,14.20,0.00
2025-10-24,8.7,11.9,5.8,0.00,20.2,55.1,0.00,0.00
2025-10-25,9.0,11.8,6.3,1.10,17.4,45.4,1.10,0.00
2025-10-26,7.8,11.1,4.9,0.70,19.3,47.5,0.70,0.00
2025-10-27,11.1,12.8,9.9,0.00,26.7,60.5,0.00,0.00
2025-10-28,12.4,14.4,11.2,0.30,21.0,51.8,0.30,0.00
2025-10-29,10.9,12.4,7.1,4.70,14.9,34.2,4.70,0.00
2025-10-30,9.6,12.9,5.6,0.00,20.5,46.8,0.00,0.00
2025-10-31,14.6,15.7,13.5,4.40,22.7,61.6,4.40,0.00
2025-11-01,12.6,15.8,9.0,4.50,25.9,64.1,4.50,0.00
2025-11-02,9.3,12.2,7.4,3.80,14.8,35.6,3.80,0.00
2025-11-03,13.1,15.9,7.4,1.30,20.7,60.5,1.30,0.00
2025-11-04,14.5,15.8,13.6,0.00,19.7,45.7,0.00,0.00
2025-11-05,15.4,17.1,14.5,0.10,18.9,44.6,0.10,0.00
2025-11-06,15.0,16.6,14.1,1.10,12.4,30.6,1.10,0.00
2025-11-07,13.3,14.9,12.1,1.70,12.7,32.4,1.70,0.00
2025-11-08,12.0,14.1,8.7,1.50,12.0,27.0,1.50,0.00
2025-11-09,10.4,14.0,5.2,0.00,16.2,37.1,0.00,0.00
2025-11-10,11.7,13.1,8.5,5.80,18.5,41.4,5.80,0.00
2025-11-11,12.4,14.8,8.3,1.50,23.6,54.4,1.50,0.00
2025-11-12,14.4,16.4,13.2,0.30,21.4,52.9,0.30,0.00
2025-11-13,14.4,16.7,12.7,4.70,15.7,36.4,4.70,0.00
2025-11-14,13.0,14.3,12.1,15.20,14.0,29.2,15.20,0.00
2025-11-15,11.8,13.2,10.4,0.20,10.9,24.1,0.20,0.00
2025-11-16,9.0,10.4,6.1,0.60,12.9,32.0,0.60,0.00
2025-11-17,5.5,7.6,2.8,0.00,16.2,40.0,0.00,0.00
2025-11-18,3.3,6.9,-0.1,0.10,12.9,32.0,0.10,0.00
2025-11-19,3.3,4.9,0.6,6.30,24.9,61.2,4.20,1.47
2025-11-20,1.3,3.6,-1.4,0.00,15.0,40.3,0.00,0.00
2025-11-21,2.3,5.7,0.6,0.00,13.8,30.2,0.00,0.00
2025-11-22,5.6,7.8,1.0,10.40,19.6,45.0,10.40,0.00
2025-11-23,7.6,10.0,5.2,9.70,22.5,49.0,9.70,0.00
2025-11-24,5.6,6.8,4.2,1.60,17.3,38.9,1.60,0.00
2025-11-25,5.0,6.6,3.4,0.00,16.6,38.5,0.00,0.00
2025-11-26,3.7,8.8,-0.1,0.90,17.3,36.7,0.90,0.00
2025-11-27,11.8,13.2,9.1,1.10,19.2,41.4,1.10,0.00
2025-11-28,10.5,12.9,8.6,0.00,18.6,45.0,0.00,0.00
2025-11-29,8.9,11.4,5.0,3.90,24.2,57.6,3.90,0.00
2025-11-30,5.3,7.6,3.0,0.00,12.6,30.2,0.00,0.00
2025-12-01,10.1,11.8,7.2,6.70,30.3,68.0,6.70,0.00
2025-12-02,8.6,10.7,6.7,2.60,14.3,45.0,2.60,0.00
2025-12-03,6.3,9.2,3.4,0.80,12.6,29.2,0.80,0.00
2025-12-04,6.4,8.1,2.2,6.10,16.6,42.5,6.10,0.00
2025-12-05,4.9,9.6,-0.3,10.60,30.2,67.7,10.60,0.00
2025-12-06,10.1,11.8,8.9,1.00,20.6,52.2,1.00,0.00
2025-12-07,11.1,14.1,8.2,4.30,25.6,58.3,4.30,0.00
2025-12-08,12.1,13.8,10.4,0.60,16.5,45.7,0.60,0.00
2025-12-09,13.2,14.4,11.6,6.70,24.9,59.0,6.70,0.00
2025-12-10,10.7,12.8,8.4,0.00,19.4,45.7,0.00,0.00
2025-12-11,9.4,11.6,7.7,0.00,14.2,31.3,0.00,0.00
2025-12-12,10.1,12.1,6.5,0.20,13.8,31.3,0.20,0.00
2025-12-13,6.4,9.1,3.3,0.00,12.5,25.2,0.00,0.00
2025-12-14,8.3,10.4,6.2,0.00,18.3,41.8,0.00,0.00
2025-12-15,10.5,11.3,9.9,0.00,17.9,41.4,0.00,0.00
2025-12-16,9.5,11.4,6.0,4.50,12.7,30.6,4.50,0.00
2025-12-17,6.4,10.1,1.7,0.00,22.0,50.8,0.00,0.00
2025-12-18,11.1,12.6,10.4,17.70,30.6,68.0,17.70,0.00
2025-12-19,8.5,10.9,6.3,0.20,15.5,42.1,0.20,0.00
2025-12-20,6.6,9.1,4.0,0.00,11.4,24.8,0.00,0.00
2025-12-21,8.9,10.3,7.2,5.10,16.2,41.0,5.10,0.00
2025-12-22,9.1,10.6,7.6,0.90,13.5,28.8,0.90,0.00
2025-12-23,6.8,7.6,5.8,0.10,16.3,41.0,0.10,0.00
2025-12-24,4.9,5.8,3.5,0.00,24.6,58.7,0.00,0.00
2025-12-25,3.8,5.1,3.0,0.00,23.3,58.7,0.00,0.00
2025-12-26,4.2,5.8,3.2,0.00,17.9,41.8,0.00,0.00
2025-12-27,5.2,7.4,2.5,0.00,22.2,52.2,0.00,0.00
2025-12-28,6.4,7.1,4.1,0.00,14.6,37.1,0.00,0.00
2025-12-29,5.0,6.1,3.0,0.00,11.9,28.4,0.00,0.00
2025-12-30,4.3,5.8,1.6,0.00,12.2,27.4,0.00,0.00
2025-12-31,0.6,2.7,-1.3,0.00,11.4,23.8,0.00,0.00
2026-01-01,2.9,5.7,-0.6,0.00,17.3,39.6,0.00,0.00
2026-01-02,1.6,3.3,-0.6,0.40,16.1,37.1,0.30,0.07
2026-01-03,0.3,2.2,-1.1,0.00,15.1,35.3,0.00,0.00
2026-01-04,-1.0,1.6,-3.2,0.00,11.0,22.7,0.00,0.00
2026-01-05,-1.3,1.3,-3.7,0.00,10.6,25.2,0.00,0.00
2026-01-06,-0.9,3.6,-5.2,1.40,19.8,44.3,1.00,0.28
2026-01-07,2.9,5.5,0.7,6.80,16.8,46.8,5.10,1.19
2026-01-08,3.7,6.8,1.9,13.50,23.3,52.2,13.20,0.21
2026-01-09,3.6,5.7,1.9,2.90,25.9,57.2,2.90,0.00
2026-01-10,1.4,3.2,-0.6,0.00,15.1,38.2,0.00,0.00
2026-01-11,4.4,9.8,-1.5,2.40,28.2,63.0,2.40,0.00
2026-01-12,10.0,10.7,9.3,0.20,22.4,52.9,0.20,0.00
2026-01-13,9.3,10.2,6.3,12.90,19.4,42.5,12.90,0.00
2026-01-14,4.6,9.2,-0.7,3.90,15.8,31.0,3.90,0.00
2026-01-15,8.2,9.4,5.8,14.60,22.9,52.9,14.60,0.00
2026-01-16,6.8,9.3,3.0,0.50,13.0,28.1,0.50,0.00
2026-01-17,7.4,9.9,5.0,1.30,11.1,24.5,1.30,0.00
2026-01-18,8.3,11.1,6.0,0.50,10.1,22.0,0.50,0.00
2026-01-19,8.5,10.4,6.6,0.80,12.5,27.4,0.80,0.00
2026-01-20,8.7,9.9,7.3,5.50,25.2,59.0,5.50,0.00
2026-01-21,8.2,9.9,5.2,10.40,24.7,54.7,10.40,0.00
2026-01-22,8.7,9.5,7.6,2.50,17.1,40.7,2.50,0.00
2026-01-23,7.2,8.9,6.2,3.50,20.2,43.9,3.50,0.00
2026-01-24,7.0,9.1,5.5,4.00,18.8,45.4,4.00,0.00
2026-01-25,6.4,7.8,5.6,3.10,16.3,38.5,3.10,0.00
2026-01-26,5.1,6.2,4.1,0.10,15.3,34.6,0.10,0.00
2026-01-27,7.0,9.6,5.7,16.70,26.8,56.9,16.70,0.00
2026-01-28,4.9,8.8,1.5,0.20,9.9,26.6,0.20,0.00
2026-01-29,4.2,6.8,1.8,0.00,14.2,33.5,0.00,0.00
2026-01-30,7.2,10.4,3.9,5.50,19.5,42.1,5.50,0.00
2026-01-31,7.4,9.7,5.6,1.50,12.8,32.0,1.50,0.00
2026-02-01,6.9,9.2,5.2,5.50,10.3,21.6,5.50,0.00
2026-02-02,6.9,8.9,5.5,0.20,17.1,41.4,0.20,0.00
